timestamp,can_msg.data,can_msg.dlc,can_msg.id,error_mask,error_messages,header.frame_id,header.stamp.nanosec,header.stamp.sec,reset_required
1763322600669185392,[  0   0 128   0   0   0   0   0],8,263,140737488355328,['p0 sens out of range: Ambient pressure sensor out of range. Currently not used.'],Errors,667264216,1763322600,False
1763322601673082327,[  0   0 128   0   0   0   0   0],8,263,140737488355328,['p0 sens out of range: Ambient pressure sensor out of range. Currently not used.'],Errors,671586590,1763322601,False
1763322602673264765,[  0   0 128   0   0   0   0   0],8,263,140737488355328,['p0 sens out of range: Ambient pressure sensor out of range. Currently not used.'],Errors,672694976,1763322602,False
1763322603676722083,[  0   0 128   0   0   0   0   0],8,263,140737488355328,['p0 sens out of range: Ambient pressure sensor out of range. Currently not used.'],Errors,675414793,1763322603,False
1763322604680178071,[  0   0 128   0   0   0   0   0],8,263,140737488355328,['p0 sens out of range: Ambient pressure sensor out of range. Currently not used.'],Errors,678164160,1763322604,False
1763322605683264667,[  0   0 128   0   0   0   0   0],8,263,140737488355328,['p0 sens out of range: Ambient pressure sensor out of range. Currently not used.'],Errors,683012732,1763322605,False
1763322606688344740,[  0   0 128   0   0   0   0   0],8,263,140737488355328,['p0 sens out of range: Ambient pressure sensor out of range. Currently not used.'],Errors,685176241,1763322606,False
1763322607695173780,[  0   0 128   0   0   0   0   0],8,263,140737488355328,['p0 sens out of range: Ambient pressure sensor out of range. Currently not used.'],Errors,694233080,1763322607,False
1763322608689093670,[  0   0 128   0   0   0   0   0],8,263,140737488355328,['p0 sens out of range: Ambient pressure sensor out of range. Currently not used.'],Errors,688624200,1763322608,False
1763322609694231960,[0 0 0 0 0 0 0 0],8,263,0,[],Errors,693828569,1763322609,False
1763322610699386423,[0 0 0 0 0 0 0 0],8,263,0,[],Errors,696955553,1763322610,False
1763322611707048218,[0 0 0 0 0 0 0 0],8,263,0,[],Errors,705150146,1763322611,False
1763322612709618655,[0 0 0 0 0 0 0 0],8,263,0,[],Errors,707698598,1763322612,False
1763322613708231232,[0 0 0 0 0 0 0 0],8,263,0,[],Errors,707906977,1763322613,False
1763322614718849088,[0 0 0 0 0 0 0 0],8,263,0,[],Errors,716139594,1763322614,False
1763322615718541175,[0 0 0 0 0 0 0 0],8,263,0,[],Errors,718328280,1763322615,False
1763322616718232314,[0 0 0 0 0 0 0 0],8,263,0,[],Errors,717236830,1763322616,False
1763322617722918712,[0 0 0 0 0 0 0 0],8,263,0,[],Errors,722622809,1763322617,False
1763322618726863685,[0 0 0 0 0 0 0 0],8,263,0,[],Errors,726019688,1763322618,False
1763322619724495958,[0 0 0 0 0 0 0 0],8,263,0,[],Errors,723751640,1763322619,False
1763322620729910359,[0 0 0 0 0 0 0 0],8,263,0,[],Errors,728837403,1763322620,False
1763322621735828867,[0 0 0 0 0 0 0 0],8,263,0,[],Errors,735104230,1763322621,False
1763322622739328804,[0 0 0 0 0 0 0 0],8,263,0,[],Errors,739058981,1763322622,False
1763322623744165005,[0 0 0 0 0 0 0 0],8,263,0,[],Errors,743583727,1763322623,False
1763322624741950938,[0 0 0 0 0 0 0 0],8,263,0,[],Errors,741256317,1763322624,False
1763322625746052126,[0 0 0 0 0 0 0 0],8,263,0,[],Errors,745538272,1763322625,False
1763322626753217188,[0 0 0 0 0 0 0 0],8,263,0,[],Errors,752922565,1763322626,False
1763322627752503888,[0 0 0 0 0 0 0 0],8,263,0,[],Errors,752169329,1763322627,False
1763322628756773719,[0 0 0 0 0 0 0 0],8,263,0,[],Errors,756313176,1763322628,False
1763322629763027492,[0 0 0 0 0 0 0 0],8,263,0,[],Errors,761869351,1763322629,False
1763322630763816717,[0 0 0 0 0 0 0 0],8,263,0,[],Errors,763323567,1763322630,False
1763322631767770201,[0 0 0 0 0 0 0 0],8,263,0,[],Errors,765778207,1763322631,False
1763322632770102549,[0 0 0 0 0 0 0 0],8,263,0,[],Errors,769605814,1763322632,False
1763322633776724848,[0 0 0 0 0 0 0 0],8,263,0,[],Errors,776108497,1763322633,False
1763322634779635905,[0 0 0 0 0 0 0 0],8,263,0,[],Errors,779220994,1763322634,False
1763322635782917500,[0 0 0 0 0 0 0 0],8,263,0,[],Errors,781645248,1763322635,False
1763322636788467805,[0 0 0 0 0 0 0 0],8,263,0,[],Errors,788144797,1763322636,False
1763322637790719377,[0 0 0 0 0 0 0 0],8,263,0,[],Errors,790097779,1763322637,False
1763322638795654090,[0 0 0 0 0 0 0 0],8,263,0,[],Errors,794975148,1763322638,False
1763322639798440595,[0 0 0 0 0 0 0 0],8,263,0,[],Errors,798238964,1763322639,False
1763322640796654323,[0 0 0 0 0 0 0 0],8,263,0,[],Errors,796469556,1763322640,False
1763322641799957905,[0 0 0 0 0 0 0 0],8,263,0,[],Errors,799318354,1763322641,False
1763322642810833701,[0 0 0 0 0 0 0 0],8,263,0,[],Errors,810370374,1763322642,False
1763322643802883413,[0 0 0 0 0 0 0 0],8,263,0,[],Errors,802333814,1763322643,False
1763322644807920557,[0 0 0 0 0 0 0 0],8,263,0,[],Errors,806975312,1763322644,False
1763322645813299152,[0 0 0 0 0 0 0 0],8,263,0,[],Errors,812509426,1763322645,False
1763322646818722749,[0 0 0 0 0 0 0 0],8,263,0,[],Errors,817143681,1763322646,False
1763322647816871302,[0 0 0 0 0 0 0 0],8,263,0,[],Errors,816263463,1763322647,False
1763322648821391177,[0 0 0 0 0 0 0 0],8,263,0,[],Errors,820895946,1763322648,False
1763322649824579578,[0 0 0 0 0 0 0 0],8,263,0,[],Errors,823235997,1763322649,False
1763322650834892101,[0 0 0 0 0 0 0 0],8,263,0,[],Errors,834145191,1763322650,False
1763322651837521516,[0 0 0 0 0 0 0 0],8,263,0,[],Errors,837176045,1763322651,False
1763322652839705085,[0 0 0 0 0 0 0 0],8,263,0,[],Errors,839306174,1763322652,False
1763322653839263678,[0 0 0 0 0 0 0 0],8,263,0,[],Errors,839070270,1763322653,False
1763322654840016741,[0 0 0 0 0 0 0 0],8,263,0,[],Errors,839077959,1763322654,False
1763322655847131561,[0 0 0 0 0 0 0 0],8,263,0,[],Errors,844764718,1763322655,False
1763322656849195777,[0 0 0 0 0 0 0 0],8,263,0,[],Errors,848867298,1763322656,False
1763322657851649122,[0 0 0 0 0 0 0 0],8,263,0,[],Errors,851252003,1763322657,False
1763322658853787181,[0 0 0 0 0 0 0 0],8,263,0,[],Errors,853154510,1763322658,False
1763322659857124574,[0 0 0 0 0 0 0 0],8,263,0,[],Errors,855847361,1763322659,False
1763322660859609211,[0 0 0 0 0 0 0 0],8,263,0,[],Errors,856595648,1763322660,False
1763322661868770132,[0 0 0 0 0 0 0 0],8,263,0,[],Errors,867203575,1763322661,False
1763322662871979394,[0 0 0 0 0 0 0 0],8,263,0,[],Errors,871097507,1763322662,False
1763322663876926581,[0 0 0 0 0 0 0 0],8,263,0,[],Errors,876536854,1763322663,False
1763322664876882042,[0 0 0 0 0 0 0 0],8,263,0,[],Errors,876682587,1763322664,False
1763322665875817193,[0 0 0 0 0 0 0 0],8,263,0,[],Errors,874981067,1763322665,False
1763322666882116405,[0 0 0 0 0 0 0 0],8,263,0,[],Errors,881327190,1763322666,False
1763322667883308626,[0 0 0 0 0 0 0 0],8,263,0,[],Errors,882775987,1763322667,False
1763322668884363671,[0 0 0 0 0 0 0 0],8,263,0,[],Errors,883265785,1763322668,False
1763322669894024696,[0 0 0 0 0 0 0 0],8,263,0,[],Errors,893445273,1763322669,False
1763322670898575081,[0 0 0 0 0 0 0 0],8,263,0,[],Errors,898090858,1763322670,False
1763322671892496530,[0 0 0 0 0 0 0 0],8,263,0,[],Errors,892317490,1763322671,False
1763322672906484359,[0 0 0 0 0 0 0 0],8,263,0,[],Errors,904542345,1763322672,False
1763322673907203254,[0 0 0 0 0 0 0 0],8,263,0,[],Errors,906231351,1763322673,False
1763322674907792717,[0 0 0 0 0 0 0 0],8,263,0,[],Errors,906807471,1763322674,False
1763322675913562566,[0 0 0 0 0 0 0 0],8,263,0,[],Errors,912711111,1763322675,False
1763322676915250156,[0 0 0 0 0 0 0 0],8,263,0,[],Errors,914590445,1763322676,False
1763322677916309498,[0 0 0 0 0 0 0 0],8,263,0,[],Errors,915898011,1763322677,False
1763322678921495308,[0 0 0 0 0 0 0 0],8,263,0,[],Errors,920989068,1763322678,False
1763322679920558860,[0 0 0 0 0 0 0 0],8,263,0,[],Errors,920321932,1763322679,False
1763322680932246342,[0 0 0 0 0 0 0 0],8,263,0,[],Errors,931899718,1763322680,False
1763322681927204057,[0 0 0 0 0 0 0 0],8,263,0,[],Errors,925992570,1763322681,False
1763322682932219497,[0 0 0 0 0 0 0 0],8,263,0,[],Errors,932013321,1763322682,False
1763322683936242658,[0 0 0 0 0 0 0 0],8,263,0,[],Errors,935577730,1763322683,False
1763322684943391775,[0 0 0 0 0 0 0 0],8,263,0,[],Errors,942918207,1763322684,False
1763322685941715435,[0 0 0 0 0 0 0 0],8,263,0,[],Errors,940747180,1763322685,False
1763322686947748408,[0 0 0 0 0 0 0 0],8,263,0,[],Errors,947209209,1763322686,False
1763322687948508080,[0 0 0 0 0 0 0 0],8,263,0,[],Errors,947966673,1763322687,False
1763322688956276747,[0 0 0 0 0 0 0 0],8,263,0,[],Errors,955594795,1763322688,False
1763322689955231058,[0 0 0 0 0 0 0 0],8,263,0,[],Errors,954976338,1763322689,False
1763322690954426591,[0 0 0 0 0 0 0 0],8,263,0,[],Errors,954212320,1763322690,False
1763322691959137552,[0 0 0 0 0 0 0 0],8,263,0,[],Errors,958919025,1763322691,False
1763322692964748456,[0 0 0 0 0 0 0 0],8,263,0,[],Errors,964295048,1763322692,False
1763322693964177033,[0 0 0 0 0 0 0 0],8,263,0,[],Errors,963926665,1763322693,False
1763322694970090157,[0 0 0 0 0 0 0 0],8,263,0,[],Errors,969569838,1763322694,False
1763322695979162007,[0 0 0 0 0 0 0 0],8,263,0,[],Errors,978357911,1763322695,False
1763322696975191437,[0 0 0 0 0 0 0 0],8,263,0,[],Errors,974243533,1763322696,False
1763322697978282726,[0 0 0 0 0 0 0 0],8,263,0,[],Errors,977194118,1763322697,False
1763322698983197957,[0 0 0 0 0 0 0 0],8,263,0,[],Errors,982639717,1763322698,False
1763322699988044394,[0 0 0 0 0 0 0 0],8,263,0,[],Errors,987573898,1763322699,False
1763322700993585333,[0 0 0 0 0 0 0 0],8,263,0,[],Errors,992758773,1763322700,False
1763322701990598216,[0 0 0 0 0 0 0 0],8,263,0,[],Errors,989784744,1763322701,False
1763322702993052128,[0 0 0 0 0 0 0 0],8,263,0,[],Errors,992262496,1763322702,False
1763322704003424733,[0 0 0 0 0 0 0 0],8,263,0,[],Errors,2676317,1763322704,False
1763322705008623584,[0 0 0 0 0 0 0 0],8,263,0,[],Errors,7448032,1763322705,False
1763322706001824202,[0 0 0 0 0 0 0 0],8,263,0,[],Errors,1294090,1763322706,False
1763322707013146649,[0 0 0 0 0 0 0 0],8,263,0,[],Errors,12334393,1763322707,False
1763322708018292014,[0 0 0 0 0 0 0 0],8,263,0,[],Errors,17426926,1763322708,False
1763322709019534440,[0 0 0 0 0 0 0 0],8,263,0,[],Errors,19091752,1763322709,False
1763322710021417607,[0 0 0 0 0 0 0 0],8,263,0,[],Errors,20823527,1763322710,False
1763322711023364460,[0 0 0 0 0 0 0 0],8,263,0,[],Errors,22868588,1763322711,False
1763322712032951288,[0 0 0 0 0 0 0 0],8,263,0,[],Errors,32386487,1763322712,False
1763322713035428679,[0 0 0 0 0 0 0 0],8,263,0,[],Errors,33666407,1763322713,False
1763322714037368220,[0 0 0 0 0 0 0 0],8,263,0,[],Errors,37073212,1763322714,False
1763322715036299284,[0 0 0 0 0 0 0 0],8,263,0,[],Errors,35698804,1763322715,False
1763322716040576467,[0 0 0 0 0 0 0 0],8,263,0,[],Errors,40113523,1763322716,False
1763322717039540117,[  0   0 128   0   0   0   0   0],8,263,140737488355328,['p0 sens out of range: Ambient pressure sensor out of range. Currently not used.'],Errors,38944917,1763322717,False
1763322718046788576,[  0   0 128   0   0   0   0   0],8,263,140737488355328,['p0 sens out of range: Ambient pressure sensor out of range. Currently not used.'],Errors,46347295,1763322718,False
1763322719051397262,[  0   0 128   0   0   0   0   0],8,263,140737488355328,['p0 sens out of range: Ambient pressure sensor out of range. Currently not used.'],Errors,50585677,1763322719,False
1763322720054589216,[  0   0 128   0   0   0   0   0],8,263,140737488355328,['p0 sens out of range: Ambient pressure sensor out of range. Currently not used.'],Errors,53963583,1763322720,False
1763322721057736342,[  0   0 128   0   0   0   0   0],8,263,140737488355328,['p0 sens out of range: Ambient pressure sensor out of range. Currently not used.'],Errors,57030134,1763322721,False
1763322722057475312,[  0   0 128   0   0   0   0   0],8,263,140737488355328,['p0 sens out of range: Ambient pressure sensor out of range. Currently not used.'],Errors,56277519,1763322722,False
1763322723057787054,[  0   0 128   0   0   0   0   0],8,263,140737488355328,['p0 sens out of range: Ambient pressure sensor out of range. Currently not used.'],Errors,57467726,1763322723,False
1763322724069471959,[  0   0 128   0   0   0   0   0],8,263,140737488355328,['p0 sens out of range: Ambient pressure sensor out of range. Currently not used.'],Errors,68374871,1763322724,False
1763322725066934876,[  0   0 128   0   0   0   0   0],8,263,140737488355328,['p0 sens out of range: Ambient pressure sensor out of range. Currently not used.'],Errors,64753563,1763322725,False
1763322726071679370,[  0   0 128   0   0   0   0   0],8,263,140737488355328,['p0 sens out of range: Ambient pressure sensor out of range. Currently not used.'],Errors,70929354,1763322726,False
1763322727078461278,[  0   0 128   0   0   0   0   0],8,263,140737488355328,['p0 sens out of range: Ambient pressure sensor out of range. Currently not used.'],Errors,76542685,1763322727,False
1763322728081752436,[  0   0 128   0   0   0   0   0],8,263,140737488355328,['p0 sens out of range: Ambient pressure sensor out of range. Currently not used.'],Errors,81117619,1763322728,False
1763322729084674733,[  0   0 128   0   0   0   0   0],8,263,140737488355328,['p0 sens out of range: Ambient pressure sensor out of range. Currently not used.'],Errors,83324780,1763322729,False
1763322730088346795,[  0   0 128   0   0   0   0   0],8,263,140737488355328,['p0 sens out of range: Ambient pressure sensor out of range. Currently not used.'],Errors,87235722,1763322730,False
1763322731086385896,[  0   0 128   0   0   0   0   0],8,263,140737488355328,['p0 sens out of range: Ambient pressure sensor out of range. Currently not used.'],Errors,86108711,1763322731,False
1763322732087383179,[  0   0 128   0   0   0   0   0],8,263,140737488355328,['p0 sens out of range: Ambient pressure sensor out of range. Currently not used.'],Errors,86813674,1763322732,False
1763322733092706902,[  0   0 128   0   0   0   0   0],8,263,140737488355328,['p0 sens out of range: Ambient pressure sensor out of range. Currently not used.'],Errors,91921589,1763322733,False
1763322734092089310,[  0   0 128   0   0   0   0   0],8,263,140737488355328,['p0 sens out of range: Ambient pressure sensor out of range. Currently not used.'],Errors,91803326,1763322734,False
1763322735097680945,[  0   0 128   0   0   0   0   0],8,263,140737488355328,['p0 sens out of range: Ambient pressure sensor out of range. Currently not used.'],Errors,97339249,1763322735,False
1763322736108201645,[  0   0 128   0   0   0   0   0],8,263,140737488355328,['p0 sens out of range: Ambient pressure sensor out of range. Currently not used.'],Errors,106977003,1763322736,False
1763322737107282176,[  0   0 128   0   0   0   0   0],8,263,140737488355328,['p0 sens out of range: Ambient pressure sensor out of range. Currently not used.'],Errors,106374367,1763322737,False
1763322738107125751,[  0   0 128   0   0   0   0   0],8,263,140737488355328,['p0 sens out of range: Ambient pressure sensor out of range. Currently not used.'],Errors,106210870,1763322738,False
1763322739118546879,[  0   0 128   0   0   0   0   0],8,263,140737488355328,['p0 sens out of range: Ambient pressure sensor out of range. Currently not used.'],Errors,118145534,1763322739,False
1763322740120720991,[  0   0 128   0   0   0   0   0],8,263,140737488355328,['p0 sens out of range: Ambient pressure sensor out of range. Currently not used.'],Errors,120195775,1763322740,False
1763322741126670888,[  0   0 128   0   0   0   0   0],8,263,140737488355328,['p0 sens out of range: Ambient pressure sensor out of range. Currently not used.'],Errors,126132903,1763322741,False
1763322742119536419,[  0   0 128   0   0   0   0   0],8,263,140737488355328,['p0 sens out of range: Ambient pressure sensor out of range. Currently not used.'],Errors,119011490,1763322742,False
1763322743128299061,[  0   0 128   0   0   0   0   0],8,263,140737488355328,['p0 sens out of range: Ambient pressure sensor out of range. Currently not used.'],Errors,127281556,1763322743,False
1763322744133700262,[  0   0 128   0   0   0   0   0],8,263,140737488355328,['p0 sens out of range: Ambient pressure sensor out of range. Currently not used.'],Errors,133102661,1763322744,False
1763322745135345909,[  0   0 128   0   0   0   0   0],8,263,140737488355328,['p0 sens out of range: Ambient pressure sensor out of range. Currently not used.'],Errors,134775413,1763322745,False
1763322746137778152,[  0   0 128   0   0   0   0   0],8,263,140737488355328,['p0 sens out of range: Ambient pressure sensor out of range. Currently not used.'],Errors,137190440,1763322746,False
1763322747144596293,[  0   0 128   0   0   0   0   0],8,263,140737488355328,['p0 sens out of range: Ambient pressure sensor out of range. Currently not used.'],Errors,143816323,1763322747,False
1763322748140247603,[  0   0 128   0   0   0   0   0],8,263,140737488355328,['p0 sens out of range: Ambient pressure sensor out of range. Currently not used.'],Errors,139531794,1763322748,False
1763322749144517649,[  0   0 128   0   0   0   0   0],8,263,140737488355328,['p0 sens out of range: Ambient pressure sensor out of range. Currently not used.'],Errors,144134256,1763322749,False
1763322750152501079,[  0   0 128   0   0   0   0   0],8,263,140737488355328,['p0 sens out of range: Ambient pressure sensor out of range. Currently not used.'],Errors,151571126,1763322750,False
1763322751156627002,[  0   0 128   0   0   0   0   0],8,263,140737488355328,['p0 sens out of range: Ambient pressure sensor out of range. Currently not used.'],Errors,156036570,1763322751,False
1763322752160444672,[  0   0 128   0   0   0   0   0],8,263,140737488355328,['p0 sens out of range: Ambient pressure sensor out of range. Currently not used.'],Errors,159435710,1763322752,False
1763322753158158301,[  0   0 128   0   0   0   0   0],8,263,140737488355328,['p0 sens out of range: Ambient pressure sensor out of range. Currently not used.'],Errors,157787836,1763322753,False
1763322754164777868,[  0   0 128   0   0   0   0   0],8,263,140737488355328,['p0 sens out of range: Ambient pressure sensor out of range. Currently not used.'],Errors,164472939,1763322754,False
1763322755165906963,[  0   0 128   0   0   0   0   0],8,263,140737488355328,['p0 sens out of range: Ambient pressure sensor out of range. Currently not used.'],Errors,165527154,1763322755,False
1763322756174375914,[  0   0 128   0   0   0   0   0],8,263,140737488355328,['p0 sens out of range: Ambient pressure sensor out of range. Currently not used.'],Errors,173430408,1763322756,False
1763322757176377751,[  0   0 128   0   0   0   0   0],8,263,140737488355328,['p0 sens out of range: Ambient pressure sensor out of range. Currently not used.'],Errors,172875665,1763322757,False
1763322758176251875,[  0   0 128   0   0   0   0   0],8,263,140737488355328,['p0 sens out of range: Ambient pressure sensor out of range. Currently not used.'],Errors,175685410,1763322758,False
1763322759177692307,[  0   0 128   0   0   0   0   0],8,263,140737488355328,['p0 sens out of range: Ambient pressure sensor out of range. Currently not used.'],Errors,176838801,1763322759,False
1763322760181965867,[  0   0 128   0   0   0   0   0],8,263,140737488355328,['p0 sens out of range: Ambient pressure sensor out of range. Currently not used.'],Errors,181413578,1763322760,False
1763322761182485341,[  0   0 128   0   0   0   0   0],8,263,140737488355328,['p0 sens out of range: Ambient pressure sensor out of range. Currently not used.'],Errors,181697563,1763322761,False
1763322762185492598,[  0   0 128   0   0   0   0   0],8,263,140737488355328,['p0 sens out of range: Ambient pressure sensor out of range. Currently not used.'],Errors,184945844,1763322762,False
1763322763195467934,[  0   0 128   0   0   0   0   0],8,263,140737488355328,['p0 sens out of range: Ambient pressure sensor out of range. Currently not used.'],Errors,195077437,1763322763,False
1763322764193901553,[  0   0 128   0   0   0   0   0],8,263,140737488355328,['p0 sens out of range: Ambient pressure sensor out of range. Currently not used.'],Errors,192689006,1763322764,False
1763322765204209213,[  0   0 128   0   0   0   0   0],8,263,140737488355328,['p0 sens out of range: Ambient pressure sensor out of range. Currently not used.'],Errors,203453884,1763322765,False
1763322766198501995,[  0   0 128   0   0   0   0   0],8,263,140737488355328,['p0 sens out of range: Ambient pressure sensor out of range. Currently not used.'],Errors,197959433,1763322766,False
1763322767208716987,[  0   0 128   0   0   0   0   0],8,263,140737488355328,['p0 sens out of range: Ambient pressure sensor out of range. Currently not used.'],Errors,207852665,1763322767,False
