timestamp,can_msg.data,can_msg.dlc,can_msg.id,header.frame_id,header.stamp.nanosec,header.stamp.sec,runs_aborted,runs_ok,total_runtime
1761498520251133808,[  0  37   0  16   0   0  49 213],8,259,Statistics,250730528,1761498520,16,37,12757
1761498521259054639,[  0  37   0  16   0   0  49 213],8,259,Statistics,258697474,1761498521,16,37,12757
1761498522263967706,[  0  37   0  16   0   0  49 213],8,259,Statistics,263754931,1761498522,16,37,12757
1761498523267018017,[  0  37   0  16   0   0  49 213],8,259,Statistics,266147233,1761498523,16,37,12757
1761498524270539196,[  0  37   0  16   0   0  49 213],8,259,Statistics,270288915,1761498524,16,37,12757
1761498525275656566,[  0  37   0  16   0   0  49 213],8,259,Statistics,275276521,1761498525,16,37,12757
1761498526273708667,[  0  37   0  16   0   0  49 213],8,259,Statistics,273053028,1761498526,16,37,12757
1761498527277030856,[  0  37   0  16   0   0  49 213],8,259,Statistics,276747070,1761498527,16,37,12757
1761498528280531784,[  0  37   0  16   0   0  49 213],8,259,Statistics,280260959,1761498528,16,37,12757
1761498529286643762,[  0  37   0  16   0   0  49 213],8,259,Statistics,286159553,1761498529,16,37,12757
1761498530292425376,[  0  37   0  16   0   0  49 213],8,259,Statistics,292211801,1761498530,16,37,12757
1761498531289187853,[  0  37   0  16   0   0  49 213],8,259,Statistics,288969958,1761498531,16,37,12757
1761498532295549433,[  0  37   0  16   0   0  49 213],8,259,Statistics,295165292,1761498532,16,37,12757
1761498533301294823,[  0  37   0  16   0   0  49 213],8,259,Statistics,301077696,1761498533,16,37,12757
1761498534305279828,[  0  37   0  16   0   0  49 213],8,259,Statistics,304969546,1761498534,16,37,12757
1761498535302492799,[  0  37   0  16   0   0  49 213],8,259,Statistics,302168053,1761498535,16,37,12757
1761498536307742900,[  0  37   0  16   0   0  49 213],8,259,Statistics,307320998,1761498536,16,37,12757
1761498537312543963,[  0  37   0  16   0   0  49 213],8,259,Statistics,312278674,1761498537,16,37,12757
1761498538316290851,[  0  37   0  16   0   0  49 213],8,259,Statistics,315847221,1761498538,16,37,12757
1761498539318886445,[  0  37   0  16   0   0  49 213],8,259,Statistics,318635013,1761498539,16,37,12757
1761498540322055313,[  0  37   0  16   0   0  49 213],8,259,Statistics,321644036,1761498540,16,37,12757
1761498541327837106,[  0  37   0  16   0   0  49 213],8,259,Statistics,327672269,1761498541,16,37,12757
1761498542324528357,[  0  37   0  16   0   0  49 213],8,259,Statistics,324246428,1761498542,16,37,12757
1761498543331842801,[  0  37   0  16   0   0  49 213],8,259,Statistics,331541160,1761498543,16,37,12757
1761498544336041005,[  0  37   0  16   0   0  49 213],8,259,Statistics,335911241,1761498544,16,37,12757
1761498545340703786,[  0  37   0  16   0   0  49 213],8,259,Statistics,340466403,1761498545,16,37,12757
1761498546336928159,[  0  37   0  16   0   0  49 213],8,259,Statistics,336503314,1761498546,16,37,12757
1761498547342423938,[  0  37   0  16   0   0  49 213],8,259,Statistics,342090040,1761498547,16,37,12757
1761498548347853468,[  0  37   0  16   0   0  49 213],8,259,Statistics,347414895,1761498548,16,37,12757
1761498549354678361,[  0  37   0  16   0   0  49 213],8,259,Statistics,354320142,1761498549,16,37,12757
1761498550353047197,[  0  37   0  16   0   0  49 213],8,259,Statistics,352705811,1761498550,16,37,12757
1761498551359617006,[  0  37   0  16   0   0  49 213],8,259,Statistics,359328230,1761498551,16,37,12757
1761498552364724791,[  0  37   0  16   0   0  49 213],8,259,Statistics,364501200,1761498552,16,37,12757
1761498553367258713,[  0  37   0  16   0   0  49 213],8,259,Statistics,366992049,1761498553,16,37,12757
1761498554363194985,[  0  37   0  16   0   0  49 213],8,259,Statistics,362934626,1761498554,16,37,12757
1761498555376130299,[  0  37   0  16   0   0  49 213],8,259,Statistics,375973815,1761498555,16,37,12757
1761498556370816029,[  0  37   0  16   0   0  49 213],8,259,Statistics,370486964,1761498556,16,37,12757
1761498557376657598,[  0  37   0  16   0   0  49 213],8,259,Statistics,376454457,1761498557,16,37,12757
1761498558379229524,[  0  37   0  16   0   0  49 213],8,259,Statistics,378987181,1761498558,16,37,12757
1761498559386554680,[  0  37   0  16   0   0  49 213],8,259,Statistics,386231055,1761498559,16,37,12757
1761498560391349096,[  0  37   0  16   0   0  49 213],8,259,Statistics,390809914,1761498560,16,37,12757
1761498561388162937,[  0  37   0  16   0   0  49 213],8,259,Statistics,387934419,1761498561,16,37,12757
1761498562393890698,[  0  37   0  16   0   0  49 213],8,259,Statistics,393658724,1761498562,16,37,12757
1761498563397393399,[  0  37   0  16   0   0  49 213],8,259,Statistics,397088239,1761498563,16,37,12757
1761498564401356809,[  0  37   0  16   0   0  49 213],8,259,Statistics,401123779,1761498564,16,37,12757
1761498565405750527,[  0  37   0  16   0   0  49 213],8,259,Statistics,405416727,1761498565,16,37,12757
1761498566404457603,[  0  37   0  16   0   0  49 213],8,259,Statistics,404225789,1761498566,16,37,12757
1761498567406975142,[  0  37   0  16   0   0  49 213],8,259,Statistics,406642237,1761498567,16,37,12757
1761498568409881362,[  0  37   0  16   0   0  49 213],8,259,Statistics,409564554,1761498568,16,37,12757
1761498569414669101,[  0  37   0  16   0   0  49 213],8,259,Statistics,414360806,1761498569,16,37,12757
1761498570420189758,[  0  37   0  16   0   0  49 213],8,259,Statistics,420015833,1761498570,16,37,12757
1761498571424393586,[  0  37   0  16   0   0  49 213],8,259,Statistics,424071979,1761498571,16,37,12757
1761498572426984679,[  0  37   0  16   0   0  49 213],8,259,Statistics,426680608,1761498572,16,37,12757
1761498573429699015,[  0  37   0  16   0   0  49 213],8,259,Statistics,429391200,1761498573,16,37,12757
1761498574438738853,[  0  37   0  16   0   0  49 213],8,259,Statistics,437400294,1761498574,16,37,12757
1761498575437353212,[  0  37   0  16   0   0  49 213],8,259,Statistics,437132119,1761498575,16,37,12757
1761498576437378082,[  0  37   0  16   0   0  49 213],8,259,Statistics,437143901,1761498576,16,37,12757
1761498577441601592,[  0  37   0  16   0   0  49 213],8,259,Statistics,441400308,1761498577,16,37,12757
1761498578445832863,[  0  37   0  16   0   0  49 213],8,259,Statistics,445557529,1761498578,16,37,12757
1761498579448903038,[  0  37   0  16   0   0  49 213],8,259,Statistics,448708057,1761498579,16,37,12757
1761498580451001115,[  0  37   0  16   0   0  49 213],8,259,Statistics,450672148,1761498580,16,37,12757
1761498581455769801,[  0  37   0  16   0   0  49 213],8,259,Statistics,455589381,1761498581,16,37,12757
1761498582459366228,[  0  37   0  16   0   0  49 213],8,259,Statistics,459135311,1761498582,16,37,12757
1761498583465682226,[  0  37   0  16   0   0  49 213],8,259,Statistics,465309130,1761498583,16,37,12757
1761498584469959166,[  0  37   0  16   0   0  49 213],8,259,Statistics,469646455,1761498584,16,37,12757
1761498585475730084,[  0  37   0  16   0   0  49 213],8,259,Statistics,475502176,1761498585,16,37,12757
1761498586479400572,[  0  37   0  16   0   0  49 213],8,259,Statistics,479158775,1761498586,16,37,12757
1761498587481679317,[  0  37   0  16   0   0  49 213],8,259,Statistics,481400143,1761498587,16,37,12757
1761498588483905198,[  0  37   0  16   0   0  49 213],8,259,Statistics,483336642,1761498588,16,37,12757
1761498589486161066,[  0  37   0  16   0   0  49 213],8,259,Statistics,485866564,1761498589,16,37,12757
1761498590488248582,[  0  37   0  16   0   0  49 213],8,259,Statistics,488035778,1761498590,16,37,12757
1761498591494693151,[  0  37   0  16   0   0  49 213],8,259,Statistics,494425850,1761498591,16,37,12757
1761498592496151898,[  0  37   0  16   0   0  49 213],8,259,Statistics,495975063,1761498592,16,37,12757
1761498593498729108,[  0  37   0  16   0   0  49 213],8,259,Statistics,498511920,1761498593,16,37,12757
1761498594504753114,[  0  37   0  16   0   0  49 213],8,259,Statistics,504560854,1761498594,16,37,12757
1761498595509221676,[  0  37   0  16   0   0  49 213],8,259,Statistics,508853733,1761498595,16,37,12757
1761498596503649962,[  0  37   0  16   0   0  49 213],8,259,Statistics,503164769,1761498596,16,37,12757
1761498597515784776,[  0  37   0  16   0   0  49 213],8,259,Statistics,515605732,1761498597,16,37,12757
1761498598512352973,[  0  37   0  16   0   0  49 213],8,259,Statistics,512038567,1761498598,16,37,12757
1761498599514891189,[  0  37   0  16   0   0  49 213],8,259,Statistics,514597679,1761498599,16,37,12757
1761498600520181281,[  0  37   0  16   0   0  49 213],8,259,Statistics,519858715,1761498600,16,37,12757
1761498601525176218,[  0  37   0  16   0   0  49 213],8,259,Statistics,524862805,1761498601,16,37,12757
1761498602530614992,[  0  37   0  16   0   0  49 213],8,259,Statistics,530228841,1761498602,16,37,12757
1761498603527091770,[  0  37   0  16   0   0  49 213],8,259,Statistics,526822645,1761498603,16,37,12757
1761498604532024115,[  0  37   0  16   0   0  49 213],8,259,Statistics,531764014,1761498604,16,37,12757
1761498605534186579,[  0  37   0  16   0   0  49 213],8,259,Statistics,533681259,1761498605,16,37,12757
1761498606537012506,[  0  37   0  16   0   0  49 213],8,259,Statistics,536559154,1761498606,16,37,12757
1761498607541042480,[  0  37   0  16   0   0  49 213],8,259,Statistics,540830636,1761498607,16,37,12757
1761498608551332492,[  0  37   0  16   0   0  49 213],8,259,Statistics,551028167,1761498608,16,37,12757
1761498609556292907,[  0  37   0  16   0   0  49 213],8,259,Statistics,555979461,1761498609,16,37,12757
1761498610558498393,[  0  37   0  16   0   0  49 213],8,259,Statistics,558212756,1761498610,16,37,12757
1761498611561466709,[  0  37   0  16   0   0  49 213],8,259,Statistics,561126319,1761498611,16,37,12757
1761498612563217310,[  0  37   0  16   0   0  49 213],8,259,Statistics,562935769,1761498612,16,37,12757
1761498613565334160,[  0  37   0  16   0   0  49 213],8,259,Statistics,564921321,1761498613,16,37,12757
1761498614569066560,[  0  37   0  16   0   0  49 213],8,259,Statistics,568765691,1761498614,16,37,12757
1761498615575852262,[  0  37   0  16   0   0  49 213],8,259,Statistics,575248669,1761498615,16,37,12757
1761498616569873768,[  0  37   0  16   0   0  49 213],8,259,Statistics,569578947,1761498616,16,37,12757
1761498617573222534,[  0  37   0  16   0   0  49 213],8,259,Statistics,573009155,1761498617,16,37,12757
1761498618576894545,[  0  37   0  16   0   0  49 213],8,259,Statistics,576728847,1761498618,16,37,12757
1761498619584181310,[  0  37   0  16   0   0  49 213],8,259,Statistics,583938107,1761498619,16,37,12757
1761498620591408980,[  0  37   0  16   0   0  49 213],8,259,Statistics,591180369,1761498620,16,37,12757
1761498621591296263,[  0  37   0  16   0   0  49 213],8,259,Statistics,591088324,1761498621,16,37,12757
1761498622599267008,[  0  37   0  16   0   0  49 213],8,259,Statistics,598671735,1761498622,16,37,12757
1761498623594349096,[  0  37   0  16   0   0  49 213],8,259,Statistics,593821120,1761498623,16,37,12757
1761498624600342050,[  0  37   0  16   0   0  49 213],8,259,Statistics,600098047,1761498624,16,37,12757
1761498625607668255,[  0  37   0  16   0   0  49 213],8,259,Statistics,607371579,1761498625,16,37,12757
1761498626604738170,[  0  37   0  16   0   0  49 213],8,259,Statistics,604420630,1761498626,16,37,12757
1761498627611652374,[  0  37   0  16   0   0  49 213],8,259,Statistics,611233168,1761498627,16,37,12757
1761498628616867149,[  0  37   0  16   0   0  49 213],8,259,Statistics,616598313,1761498628,16,37,12757
1761498629613071355,[  0  37   0  16   0   0  49 213],8,259,Statistics,612863608,1761498629,16,37,12757
1761498630619698225,[  0  37   0  16   0   0  49 213],8,259,Statistics,619146537,1761498630,16,37,12757
1761498631626575264,[  0  37   0  16   0   0  49 213],8,259,Statistics,626295165,1761498631,16,37,12757
1761498632623984936,[  0  37   0  16   0   0  49 213],8,259,Statistics,623725636,1761498632,16,37,12757
1761498633630089247,[  0  37   0  16   0   0  49 213],8,259,Statistics,629813435,1761498633,16,37,12757
1761498634639571997,[  0  37   0  16   0   0  49 213],8,259,Statistics,639263064,1761498634,16,37,12757
1761498635632716893,[  0  37   0  16   0   0  49 213],8,259,Statistics,632535195,1761498635,16,37,12757
1761498636644778835,[  0  37   0  16   0   0  49 213],8,259,Statistics,644612529,1761498636,16,37,12757
1761498637646422430,[  0  37   0  16   0   0  49 213],8,259,Statistics,646179835,1761498637,16,37,12757
1761498638648156490,[  0  37   0  16   0   0  49 213],8,259,Statistics,647913863,1761498638,16,37,12757
1761498639649483025,[  0  37   0  16   0   0  49 213],8,259,Statistics,649170957,1761498639,16,37,12757
1761498640650718359,[  0  37   0  16   0   0  49 213],8,259,Statistics,650509557,1761498640,16,37,12757
1761498641662990985,[  0  37   0  16   0   0  49 213],8,259,Statistics,662566659,1761498641,16,37,12757
1761498642658555662,[  0  37   0  16   0   0  49 213],8,259,Statistics,658275467,1761498642,16,37,12757
1761498643664967997,[  0  37   0  16   0   0  49 213],8,259,Statistics,664740378,1761498643,16,37,12757
1761498644670759656,[  0  37   0  16   0   0  49 213],8,259,Statistics,670460804,1761498644,16,37,12757
1761498645672917485,[  0  37   0  16   0   0  49 213],8,259,Statistics,672711978,1761498645,16,37,12757
1761498646677428084,[  0  37   0  16   0   0  49 213],8,259,Statistics,677095408,1761498646,16,37,12757
1761498647674692175,[  0  37   0  16   0   0  49 213],8,259,Statistics,674399147,1761498647,16,37,12757
1761498648679151814,[  0  37   0  16   0   0  49 213],8,259,Statistics,678875811,1761498648,16,37,12757
1761498649682976927,[  0  37   0  16   0   0  49 213],8,259,Statistics,682661404,1761498649,16,37,12757
1761498650684575818,[  0  37   0  16   0   0  49 213],8,259,Statistics,684255046,1761498650,16,37,12757
1761498651692718345,[  0  37   0  16   0   0  49 213],8,259,Statistics,692033729,1761498651,16,37,12757
1761498652694971218,[  0  37   0  16   0   0  49 213],8,259,Statistics,694713775,1761498652,16,37,12757
1761498653697059335,[  0  37   0  16   0   0  49 213],8,259,Statistics,696906277,1761498653,16,37,12757
1761498654701713926,[  0  37   0  16   0   0  49 213],8,259,Statistics,701230625,1761498654,16,37,12757
1761498655705223239,[  0  37   0  16   0   0  49 213],8,259,Statistics,705012421,1761498655,16,37,12757
1761498656709139452,[  0  37   0  16   0   0  49 213],8,259,Statistics,708970555,1761498656,16,37,12757
1761498657710666953,[  0  37   0  16   0   0  49 213],8,259,Statistics,710370982,1761498657,16,37,12757
1761498658712809518,[  0  37   0  16   0   0  49 213],8,259,Statistics,712571212,1761498658,16,37,12757
1761498659715919152,[  0  37   0  16   0   0  49 213],8,259,Statistics,715708014,1761498659,16,37,12757
1761498660720207025,[  0  37   0  16   0   0  49 213],8,259,Statistics,720004879,1761498660,16,37,12757
1761498661723594781,[  0  37   0  16   0   0  49 213],8,259,Statistics,723032119,1761498661,16,37,12757
1761498662728046089,[  0  37   0  16   0   0  49 213],8,259,Statistics,727873863,1761498662,16,37,12757
1761498663733009167,[  0  37   0  16   0   0  49 213],8,259,Statistics,732719212,1761498663,16,37,12757
1761498664736678015,[  0  37   0  16   0   0  49 213],8,259,Statistics,736520093,1761498664,16,37,12757
1761498665741384144,[  0  37   0  16   0   0  49 213],8,259,Statistics,740908491,1761498665,16,37,12757
1761498666739603867,[  0  37   0  16   0   0  49 213],8,259,Statistics,739313432,1761498666,16,37,12757
1761498667742852336,[  0  37   0  16   0   0  49 213],8,259,Statistics,742440332,1761498667,16,37,12757
1761498668746722181,[  0  37   0  16   0   0  49 213],8,259,Statistics,746380386,1761498668,16,37,12757
1761498669749409769,[  0  37   0  16   0   0  49 213],8,259,Statistics,749200743,1761498669,16,37,12757
1761498670752625998,[  0  37   0  16   0   0  49 213],8,259,Statistics,752223690,1761498670,16,37,12757
1761498671755770863,[  0  37   0  16   0   0  49 213],8,259,Statistics,755427468,1761498671,16,37,12757
1761498672763975802,[  0  37   0  16   0   0  49 213],8,259,Statistics,763436917,1761498672,16,37,12757
1761498673759887445,[  0  37   0  16   0   0  49 213],8,259,Statistics,759482257,1761498673,16,37,12757
1761498674766005865,[  0  37   0  16   0   0  49 213],8,259,Statistics,765285955,1761498674,16,37,12757
1761498675772191869,[  0  37   0  16   0   0  49 213],8,259,Statistics,771575448,1761498675,16,37,12757
1761498676773722248,[  0  37   0  16   0   0  49 213],8,259,Statistics,773357349,1761498676,16,37,12757
1761498677778520017,[  0  37   0  16   0   0  49 213],8,259,Statistics,778150222,1761498677,16,37,12757
1761498678781990160,[  0  37   0  16   0   0  49 213],8,259,Statistics,781735758,1761498678,16,37,12757
1761498679784541289,[  0  37   0  16   0   0  49 213],8,259,Statistics,784161830,1761498679,16,37,12757
1761498680787886189,[  0  37   0  16   0   0  49 213],8,259,Statistics,787312520,1761498680,16,37,12757
1761498681790636591,[  0  37   0  16   0   0  49 213],8,259,Statistics,790201323,1761498681,16,37,12757
1761498682793119572,[  0  37   0  16   0   0  49 213],8,259,Statistics,792911026,1761498682,16,37,12757
1761498683797026857,[  0  37   0  16   0   0  49 213],8,259,Statistics,796720999,1761498683,16,37,12757
1761498684800012509,[  0  37   0  16   0   0  49 213],8,259,Statistics,799813052,1761498684,16,37,12757
1761498685804679141,[  0  37   0  16   0   0  49 213],8,259,Statistics,804454244,1761498685,16,37,12757
1761498686809819224,[  0  37   0  16   0   0  49 213],8,259,Statistics,809487669,1761498686,16,37,12757
1761498687813942251,[  0  37   0  16   0   0  49 213],8,259,Statistics,813588200,1761498687,16,37,12757
1761498688815936630,[  0  37   0  16   0   0  49 213],8,259,Statistics,815752949,1761498688,16,37,12757
1761498689822299820,[  0  37   0  16   0   0  49 213],8,259,Statistics,821947753,1761498689,16,37,12757
1761498690816642931,[  0  37   0  16   0   0  49 213],8,259,Statistics,816490482,1761498690,16,37,12757
1761498691822311161,[  0  37   0  16   0   0  49 213],8,259,Statistics,822018967,1761498691,16,37,12757
1761498692827446022,[  0  37   0  16   0   0  49 213],8,259,Statistics,827159843,1761498692,16,37,12757
1761498693833103074,[  0  37   0  16   0   0  49 213],8,259,Statistics,832907520,1761498693,16,37,12757
1761498694832594400,[  0  37   0  16   0   0  49 213],8,259,Statistics,832393022,1761498694,16,37,12757
1761498695841048873,[  0  37   0  16   0   0  49 213],8,259,Statistics,840762951,1761498695,16,37,12757
1761498696836647048,[  0  37   0  16   0   0  49 213],8,259,Statistics,836430503,1761498696,16,37,12757
1761498697841629463,[  0  37   0  16   0   0  49 213],8,259,Statistics,841125587,1761498697,16,37,12757
1761498698847937053,[  0  37   0  16   0   0  49 213],8,259,Statistics,847743484,1761498698,16,37,12757
1761498699849132049,[  0  37   0  16   0   0  49 213],8,259,Statistics,848912144,1761498699,16,37,12757
1761498700859445170,[  0  37   0  16   0   0  49 213],8,259,Statistics,859118032,1761498700,16,37,12757
1761498701857404915,[  0  37   0  16   0   0  49 213],8,259,Statistics,856956720,1761498701,16,37,12757
1761498702865278310,[  0  37   0  16   0   0  49 213],8,259,Statistics,864954756,1761498702,16,37,12757
1761498703860974175,[  0  37   0  16   0   0  49 213],8,259,Statistics,860718909,1761498703,16,37,12757
1761498704866781802,[  0  37   0  16   0   0  49 213],8,259,Statistics,866477288,1761498704,16,37,12757
1761498705872534568,[  0  37   0  16   0   0  49 213],8,259,Statistics,872344647,1761498705,16,37,12757
1761498706878520060,[  0  37   0  16   0   0  49 213],8,259,Statistics,878190810,1761498706,16,37,12757
1761498707873081088,[  0  37   0  16   0   0  49 213],8,259,Statistics,872840031,1761498707,16,37,12757
1761498708876692272,[  0  37   0  16   0   0  49 213],8,259,Statistics,876266510,1761498708,16,37,12757
1761498709888731239,[  0  37   0  16   0   0  49 213],8,259,Statistics,888531910,1761498709,16,37,12757
1761498710882396522,[  0  37   0  16   0   0  49 213],8,259,Statistics,882134569,1761498710,16,37,12757
1761498711895162450,[  0  37   0  16   0   0  49 213],8,259,Statistics,894905649,1761498711,16,37,12757
1761498712897763735,[  0  37   0  16   0   0  49 213],8,259,Statistics,897431830,1761498712,16,37,12757
1761498713900099188,[  0  37   0  16   0   0  49 213],8,259,Statistics,899916563,1761498713,16,37,12757
1761498714904644245,[  0  37   0  16   0   0  49 213],8,259,Statistics,904440948,1761498714,16,37,12757
1761498715899882782,[  0  37   0  16   0   0  49 213],8,259,Statistics,899588221,1761498715,16,37,12757
1761498716903341070,[  0  37   0  16   0   0  49 213],8,259,Statistics,903046796,1761498716,16,37,12757
1761498717905703538,[  0  37   0  16   0   0  49 213],8,259,Statistics,905332432,1761498717,16,37,12757
1761498718917160385,[  0  37   0  16   0   0  49 213],8,259,Statistics,916934336,1761498718,16,37,12757
1761498719918663959,[  0  37   0  16   0   0  49 213],8,259,Statistics,918373846,1761498719,16,37,12757
1761498720920040042,[  0  37   0  16   0   0  49 213],8,259,Statistics,919886313,1761498720,16,37,12757
1761498721921964252,[  0  37   0  16   0   0  49 213],8,259,Statistics,921653530,1761498721,16,37,12757
1761498722924561806,[  0  37   0  16   0   0  49 213],8,259,Statistics,924243565,1761498722,16,37,12757
1761498723930707952,[  0  37   0  16   0   0  49 213],8,259,Statistics,930448783,1761498723,16,37,12757
1761498724939286171,[  0  37   0  16   0   0  49 213],8,259,Statistics,938982170,1761498724,16,37,12757
1761498725939081659,[  0  37   0  16   0   0  49 213],8,259,Statistics,938820250,1761498725,16,37,12757
1761498726947048833,[  0  37   0  16   0   0  49 213],8,259,Statistics,946629151,1761498726,16,37,12757
1761498727945146841,[  0  37   0  16   0   0  49 213],8,259,Statistics,944930232,1761498727,16,37,12757
1761498728948353225,[  0  37   0  16   0   0  49 213],8,259,Statistics,948074152,1761498728,16,37,12757
1761498729949354832,[  0  37   0  16   0   0  49 213],8,259,Statistics,949130799,1761498729,16,37,12757
1761498730949523157,[  0  37   0  16   0   0  49 213],8,259,Statistics,949312468,1761498730,16,37,12757
1761498731957685150,[  0  37   0  16   0   0  49 213],8,259,Statistics,957410525,1761498731,16,37,12757
1761498732962698108,[  0  37   0  16   0   0  49 213],8,259,Statistics,962438683,1761498732,16,37,12757
1761498733967851837,[  0  37   0  16   0   0  49 213],8,259,Statistics,967496860,1761498733,16,37,12757
1761498734964424222,[  0  37   0  16   0   0  49 213],8,259,Statistics,964068381,1761498734,16,37,12757
1761498735972451154,[  0  37   0  16   0   0  49 213],8,259,Statistics,972177137,1761498735,16,37,12757
1761498736978544962,[  0  37   0  16   0   0  49 213],8,259,Statistics,978182592,1761498736,16,37,12757
1761498737972391494,[  0  37   0  16   0   0  49 213],8,259,Statistics,972195205,1761498737,16,37,12757
1761498738977145690,[  0  37   0  16   0   0  49 213],8,259,Statistics,976969529,1761498738,16,37,12757
1761498739980768560,[  0  37   0  16   0   0  49 213],8,259,Statistics,980549359,1761498739,16,37,12757
1761498740983995594,[  0  37   0  16   0   0  49 213],8,259,Statistics,983809609,1761498740,16,37,12757
1761498741989643348,[  0  37   0  16   0   0  49 213],8,259,Statistics,989445651,1761498741,16,37,12757
1761498742993170876,[  0  37   0  16   0   0  49 213],8,259,Statistics,992902843,1761498742,16,37,12757
1761498744000816059,[  0  37   0  16   0   0  49 213],8,259,Statistics,588250,1761498744,16,37,12757
1761498744996132981,[  0  37   0  16   0   0  49 213],8,259,Statistics,995769044,1761498744,16,37,12757
1761498746002682368,[  0  37   0  16   0   0  49 213],8,259,Statistics,2400799,1761498746,16,37,12757
1761498747004787908,[  0  37   0  16   0   0  49 213],8,259,Statistics,4523620,1761498747,16,37,12757
1761498748009259930,[  0  37   0  16   0   0  49 213],8,259,Statistics,9053529,1761498748,16,37,12757
1761498749012761461,[  0  37   0  16   0   0  49 213],8,259,Statistics,12543252,1761498749,16,37,12757
1761498750015780985,[  0  37   0  16   0   0  49 213],8,259,Statistics,15308663,1761498750,16,37,12757
1761498751018120741,[  0  37   0  16   0   0  49 213],8,259,Statistics,17678756,1761498751,16,37,12757
1761498752022081953,[  0  37   0  16   0   0  49 213],8,259,Statistics,21833153,1761498752,16,37,12757
1761498753026148073,[  0  37   0  16   0   0  49 213],8,259,Statistics,25845000,1761498753,16,37,12757
1761498754028066550,[  0  37   0  16   0   0  49 213],8,259,Statistics,27675381,1761498754,16,37,12757
1761498755032258774,[  0  37   0  16   0   0  49 213],8,259,Statistics,31954453,1761498755,16,37,12757
1761498756033440922,[  0  37   0  16   0   0  49 213],8,259,Statistics,33242585,1761498756,16,37,12757
1761498757035950446,[  0  37   0  16   0   0  49 213],8,259,Statistics,35737806,1761498757,16,37,12757
1761498758040079349,[  0  37   0  16   0   0  49 213],8,259,Statistics,39857620,1761498758,16,37,12757
1761498759043677287,[  0  37   0  16   0   0  49 213],8,259,Statistics,43269030,1761498759,16,37,12757
1761498760047834954,[  0  37   0  16   0   0  49 213],8,259,Statistics,47578217,1761498760,16,37,12757
1761498761051003000,[  0  37   0  16   0   0  49 213],8,259,Statistics,50737079,1761498761,16,37,12757
1761498762053727028,[  0  37   0  16   0   0  49 213],8,259,Statistics,53420883,1761498762,16,37,12757
1761498763057814658,[  0  37   0  16   0   0  49 213],8,259,Statistics,57345441,1761498763,16,37,12757
1761498764060976958,[  0  37   0  16   0   0  49 213],8,259,Statistics,60650333,1761498764,16,37,12757
1761498765064382923,[  0  37   0  16   0   0  49 213],8,259,Statistics,64117322,1761498765,16,37,12757
1761498766067319207,[  0  37   0  16   0   0  49 213],8,259,Statistics,67108230,1761498766,16,37,12757
1761498767069235057,[  0  37   0  16   0   0  49 213],8,259,Statistics,69096785,1761498767,16,37,12757
1761498768078047805,[  0  37   0  16   0   0  49 213],8,259,Statistics,77714364,1761498768,16,37,12757
1761498769083670226,[  0  37   0  16   0   0  49 213],8,259,Statistics,83316145,1761498769,16,37,12757
1761498770078664289,[  0  37   0  16   0   0  49 213],8,259,Statistics,78468673,1761498770,16,37,12757
1761498771082904504,[  0  37   0  16   0   0  49 213],8,259,Statistics,82683319,1761498771,16,37,12757
1761498772087702850,[  0  37   0  16   0   0  49 213],8,259,Statistics,87141217,1761498772,16,37,12757
1761498773091799198,[  0  37   0  16   0   0  49 213],8,259,Statistics,91448541,1761498773,16,37,12757
1761498774097699504,[  0  37   0  16   0   0  49 213],8,259,Statistics,97410064,1761498774,16,37,12757
1761498775102124372,[  0  37   0  16   0   0  49 213],8,259,Statistics,101854995,1761498775,16,37,12757
1761498776105898633,[  0  37   0  16   0   0  49 213],8,259,Statistics,105613673,1761498776,16,37,12757
1761498777108590257,[  0  37   0  16   0   0  49 213],8,259,Statistics,108381393,1761498777,16,37,12757
1761498778110471884,[  0  37   0  16   0   0  49 213],8,259,Statistics,110155724,1761498778,16,37,12757
1761498779112533213,[  0  37   0  16   0   0  49 213],8,259,Statistics,112214204,1761498779,16,37,12757
1761498780114613411,[  0  37   0  16   0   0  49 213],8,259,Statistics,114289027,1761498780,16,37,12757
1761498781115258877,[  0  37   0  16   0   0  49 213],8,259,Statistics,115103068,1761498781,16,37,12757
1761498782119643379,[  0  37   0  16   0   0  49 213],8,259,Statistics,119270482,1761498782,16,37,12757
1761498783124844737,[  0  37   0  16   0   0  49 213],8,259,Statistics,124519744,1761498783,16,37,12757
1761498784124080859,[  0  37   0  16   0   0  49 213],8,259,Statistics,123790619,1761498784,16,37,12757
1761498785128029269,[  0  37   0  16   0   0  49 213],8,259,Statistics,127816053,1761498785,16,37,12757
1761498786131683877,[  0  37   0  16   0   0  49 213],8,259,Statistics,131327813,1761498786,16,37,12757
1761498787135901582,[  0  37   0  16   0   0  49 213],8,259,Statistics,135443757,1761498787,16,37,12757
1761498788144296725,[  0  38   0  16   0   0  49 214],8,259,Statistics,143931093,1761498788,16,38,12758
1761498789149966640,[  0  38   0  16   0   0  49 215],8,259,Statistics,149626832,1761498789,16,38,12759
1761498790152927456,[  0  38   0  16   0   0  49 215],8,259,Statistics,152683231,1761498790,16,38,12759
1761498791149243583,[  0  38   0  16   0   0  49 216],8,259,Statistics,149020191,1761498791,16,38,12760
1761498792157351400,[  0  38   0  16   0   0  49 217],8,259,Statistics,157144296,1761498792,16,38,12761
1761498793159577698,[  0  38   0  16   0   0  49 218],8,259,Statistics,159267074,1761498793,16,38,12762
1761498794163811353,[  0  38   0  16   0   0  49 219],8,259,Statistics,163599801,1761498794,16,38,12763
1761498795169259755,[  0  38   0  16   0   0  49 220],8,259,Statistics,169008395,1761498795,16,38,12764
1761498796170233395,[  0  38   0  16   0   0  49 221],8,259,Statistics,169430130,1761498796,16,38,12765
1761498797175448666,[  0  38   0  16   0   0  49 222],8,259,Statistics,175143386,1761498797,16,38,12766
1761498798179969403,[  0  38   0  16   0   0  49 223],8,259,Statistics,179685723,1761498798,16,38,12767
1761498799174475405,[  0  38   0  16   0   0  49 224],8,259,Statistics,174204076,1761498799,16,38,12768
1761498800178640325,[  0  38   0  16   0   0  49 226],8,259,Statistics,178315364,1761498800,16,38,12770
1761498801184264282,[  0  38   0  16   0   0  49 227],8,259,Statistics,183603865,1761498801,16,38,12771
1761498802188253097,[  0  38   0  16   0   0  49 228],8,259,Statistics,187920393,1761498802,16,38,12772
1761498803194964440,[  0  38   0  16   0   0  49 229],8,259,Statistics,194712664,1761498803,16,38,12773
1761498804191854042,[  0  38   0  16   0   0  49 230],8,259,Statistics,191638586,1761498804,16,38,12774
1761498805199410467,[  0  38   0  16   0   0  49 231],8,259,Statistics,199127043,1761498805,16,38,12775
1761498806197083744,[  0  38   0  16   0   0  49 232],8,259,Statistics,196740000,1761498806,16,38,12776
1761498807201442561,[  0  38   0  16   0   0  49 233],8,259,Statistics,201146465,1761498807,16,38,12777
1761498808204414911,[  0  38   0  16   0   0  49 234],8,259,Statistics,203964703,1761498808,16,38,12778
1761498809216634625,[  0  38   0  16   0   0  49 235],8,259,Statistics,216072673,1761498809,16,38,12779
1761498810211012341,[  0  38   0  16   0   0  49 236],8,259,Statistics,210671925,1761498810,16,38,12780
1761498811222917812,[  0  38   0  16   0   0  49 237],8,259,Statistics,222701171,1761498811,16,38,12781
1761498812226253163,[  0  38   0  16   0   0  49 238],8,259,Statistics,225932171,1761498812,16,38,12782
1761498813228098721,[  0  38   0  16   0   0  49 239],8,259,Statistics,227750208,1761498813,16,38,12783
1761498814229312565,[  0  38   0  16   0   0  49 240],8,259,Statistics,229051573,1761498814,16,38,12784
1761498815233976908,[  0  38   0  16   0   0  49 241],8,259,Statistics,233551468,1761498815,16,38,12785
1761498816239116770,[  0  38   0  16   0   0  49 242],8,259,Statistics,238843650,1761498816,16,38,12786
1761498817242747608,[  0  38   0  16   0   0  49 243],8,259,Statistics,242533656,1761498817,16,38,12787
1761498818236459530,[  0  38   0  16   0   0  49 244],8,259,Statistics,236219658,1761498818,16,38,12788
1761498819240156641,[  0  38   0  16   0   0  49 245],8,259,Statistics,239949601,1761498819,16,38,12789
1761498820252173980,[  0  38   0  16   0   0  49 246],8,259,Statistics,252016316,1761498820,16,38,12790
1761498821256494197,[  0  38   0  16   0   0  49 247],8,259,Statistics,256154357,1761498821,16,38,12791
1761498822259647535,[  0  38   0  16   0   0  49 248],8,259,Statistics,259204367,1761498822,16,38,12792
1761498823262270219,[  0  38   0  16   0   0  49 249],8,259,Statistics,261657162,1761498823,16,38,12793
1761498824259974567,[  0  38   0  16   0   0  49 250],8,259,Statistics,259340711,1761498824,16,38,12794
1761498825265218279,[  0  38   0  16   0   0  49 251],8,259,Statistics,264758439,1761498825,16,38,12795
1761498826270982730,[  0  38   0  16   0   0  49 252],8,259,Statistics,270650665,1761498826,16,38,12796
1761498827271784686,[  0  38   0  16   0   0  49 253],8,259,Statistics,271361902,1761498827,16,38,12797
1761498828277059573,[  0  38   0  16   0   0  49 254],8,259,Statistics,276725941,1761498828,16,38,12798
1761498829279643904,[  0  38   0  16   0   0  49 255],8,259,Statistics,279169984,1761498829,16,38,12799
1761498830283039405,[ 0 38  0 16  0  0 50  0],8,259,Statistics,282748237,1761498830,16,38,12800
1761498831288573183,[ 0 38  0 16  0  0 50  1],8,259,Statistics,288284831,1761498831,16,38,12801
1761498832284238611,[ 0 38  0 16  0  0 50  2],8,259,Statistics,283872147,1761498832,16,38,12802
1761498833287586700,[ 0 38  0 16  0  0 50  3],8,259,Statistics,287252908,1761498833,16,38,12803
1761498834291898345,[ 0 38  0 16  0  0 50  4],8,259,Statistics,291613225,1761498834,16,38,12804
1761498835293873162,[ 0 38  0 16  0  0 50  5],8,259,Statistics,293448810,1761498835,16,38,12805
1761498836297452464,[ 0 38  0 16  0  0 50  6],8,259,Statistics,297293360,1761498836,16,38,12806
1761498837301076571,[ 0 38  0 16  0  0 50  7],8,259,Statistics,300795355,1761498837,16,38,12807
1761498838307004618,[ 0 38  0 16  0  0 50  8],8,259,Statistics,306765162,1761498838,16,38,12808
1761498839312150591,[ 0 38  0 16  0  0 50  9],8,259,Statistics,311901791,1761498839,16,38,12809
1761498840317519673,[ 0 38  0 16  0  0 50 10],8,259,Statistics,317345145,1761498840,16,38,12810
1761498841321855736,[ 0 38  0 16  0  0 50 11],8,259,Statistics,321399992,1761498841,16,38,12811
1761498842317114400,[ 0 38  0 16  0  0 50 12],8,259,Statistics,316930432,1761498842,16,38,12812
1761498843322673419,[ 0 38  0 16  0  0 50 13],8,259,Statistics,321904971,1761498843,16,38,12813
1761498844324667230,[ 0 38  0 16  0  0 50 14],8,259,Statistics,324257342,1761498844,16,38,12814
1761498845328416150,[ 0 38  0 16  0  0 50 15],8,259,Statistics,328210102,1761498845,16,38,12815
1761498846330271062,[ 0 38  0 16  0  0 50 16],8,259,Statistics,329922934,1761498846,16,38,12816
1761498847335412923,[ 0 38  0 16  0  0 50 17],8,259,Statistics,335100347,1761498847,16,38,12817
1761498848339776840,[ 0 38  0 16  0  0 50 18],8,259,Statistics,339561928,1761498848,16,38,12818
1761498849346615770,[ 0 38  0 16  0  0 50 19],8,259,Statistics,346265979,1761498849,16,38,12819
1761498850343495001,[ 0 38  0 16  0  0 50 20],8,259,Statistics,342999513,1761498850,16,38,12820
1761498851347962844,[ 0 38  0 16  0  0 50 21],8,259,Statistics,347429340,1761498851,16,38,12821
1761498852351861287,[ 0 38  0 16  0  0 50 22],8,259,Statistics,351629063,1761498852,16,38,12822
1761498853354722650,[ 0 38  0 16  0  0 50 23],8,259,Statistics,354466746,1761498853,16,38,12823
1761498854359857588,[ 0 38  0 16  0  0 50 24],8,259,Statistics,359569396,1761498854,16,38,12824
1761498855364556791,[ 0 38  0 16  0  0 50 25],8,259,Statistics,364258647,1761498855,16,38,12825
1761498856368911363,[ 0 38  0 16  0  0 50 26],8,259,Statistics,368651587,1761498856,16,38,12826
1761498857372975223,[ 0 38  0 16  0  0 50 27],8,259,Statistics,372580696,1761498857,16,38,12827
1761498858375374422,[ 0 38  0 16  0  0 50 28],8,259,Statistics,375008630,1761498858,16,38,12828
1761498859380795867,[ 0 38  0 16  0  0 50 29],8,259,Statistics,380527740,1761498859,16,38,12829
1761498860384676427,[ 0 38  0 16  0  0 50 30],8,259,Statistics,384387339,1761498860,16,38,12830
1761498861387540037,[ 0 38  0 16  0  0 50 31],8,259,Statistics,387189190,1761498861,16,38,12831
1761498862390866505,[ 0 38  0 16  0  0 50 32],8,259,Statistics,390577577,1761498862,16,38,12832
1761498863394350422,[ 0 38  0 16  0  0 50 33],8,259,Statistics,394075254,1761498863,16,38,12833
1761498864388821748,[ 0 38  0 16  0  0 50 34],8,259,Statistics,388617332,1761498864,16,38,12834
1761498865393548724,[ 0 38  0 16  0  0 50 35],8,259,Statistics,393154772,1761498865,16,38,12835
1761498866395891617,[ 0 38  0 16  0  0 50 36],8,259,Statistics,395576833,1761498866,16,38,12836
1761498867407890000,[ 0 38  0 16  0  0 50 37],8,259,Statistics,407717488,1761498867,16,38,12837
1761498868411574480,[ 0 38  0 16  0  0 50 38],8,259,Statistics,411307185,1761498868,16,38,12838
1761498869413881181,[ 0 38  0 16  0  0 50 39],8,259,Statistics,413638781,1761498869,16,38,12839
1761498870417374707,[ 0 38  0 16  0  0 50 40],8,259,Statistics,417197812,1761498870,16,38,12840
1761498871421439893,[ 0 38  0 16  0  0 50 41],8,259,Statistics,421176373,1761498871,16,38,12841
1761498872415550154,[ 0 38  0 16  0  0 50 42],8,259,Statistics,415146699,1761498872,16,38,12842
1761498873419924930,[ 0 38  0 16  0  0 50 43],8,259,Statistics,419647811,1761498873,16,38,12843
1761498874431784991,[ 0 38  0 16  0  0 50 44],8,259,Statistics,431491999,1761498874,16,38,12844
1761498875432814257,[ 0 38  0 16  0  0 50 45],8,259,Statistics,432579025,1761498875,16,38,12845
1761498876436101645,[ 0 38  0 16  0  0 50 46],8,259,Statistics,435801070,1761498876,16,38,12846
1761498877439220726,[ 0 38  0 16  0  0 50 47],8,259,Statistics,438907446,1761498877,16,38,12847
1761498878444183561,[ 0 38  0 16  0  0 50 48],8,259,Statistics,443932713,1761498878,16,38,12848
1761498879440266993,[ 0 38  0 16  0  0 50 49],8,259,Statistics,440041490,1761498879,16,38,12849
1761498880447231003,[ 0 38  0 16  0  0 50 50],8,259,Statistics,446835516,1761498880,16,38,12850
1761498881451376053,[ 0 38  0 16  0  0 50 51],8,259,Statistics,451085973,1761498881,16,38,12851
1761498882455991611,[ 0 38  0 16  0  0 50 52],8,259,Statistics,455677435,1761498882,16,38,12852
1761498883458802032,[ 0 38  0 16  0  0 50 53],8,259,Statistics,458350576,1761498883,16,38,12853
1761498884461864146,[ 0 38  0 16  0  0 50 54],8,259,Statistics,461584018,1761498884,16,38,12854
1761498885464884585,[ 0 38  0 16  0  0 50 55],8,259,Statistics,464709002,1761498885,16,38,12855
1761498886467825766,[ 0 38  0 16  0  0 50 56],8,259,Statistics,467538764,1761498886,16,38,12856
1761498887475845644,[ 0 38  0 16  0  0 50 57],8,259,Statistics,475575484,1761498887,16,38,12857
1761498888471444494,[ 0 38  0 16  0  0 50 58],8,259,Statistics,471185093,1761498888,16,38,12858
1761498889479434699,[ 0 38  0 16  0  0 50 59],8,259,Statistics,479109888,1761498889,16,38,12859
1761498890485348099,[ 0 38  0 16  0  0 50 60],8,259,Statistics,485065167,1761498890,16,38,12860
1761498891489285152,[ 0 38  0 16  0  0 50 61],8,259,Statistics,488995690,1761498891,16,38,12861
1761498892492509934,[ 0 38  0 16  0  0 50 62],8,259,Statistics,492106783,1761498892,16,38,12862
1761498893497290715,[ 0 38  0 16  0  0 50 63],8,259,Statistics,497085105,1761498893,16,38,12863
1761498894499771402,[ 0 38  0 16  0  0 50 64],8,259,Statistics,499490011,1761498894,16,38,12864
1761498895503275005,[ 0 38  0 16  0  0 50 65],8,259,Statistics,502970243,1761498895,16,38,12865
1761498896507325878,[ 0 38  0 16  0  0 50 66],8,259,Statistics,507058032,1761498896,16,38,12866
1761498897512724026,[ 0 38  0 16  0  0 50 67],8,259,Statistics,512561865,1761498897,16,38,12867
1761498898508139462,[ 0 38  0 16  0  0 50 68],8,259,Statistics,507877413,1761498898,16,38,12868
1761498899512685122,[ 0 38  0 16  0  0 50 69],8,259,Statistics,512447565,1761498899,16,38,12869
1761498900517456293,[ 0 38  0 16  0  0 50 70],8,259,Statistics,517155091,1761498900,16,38,12870
1761498901521182883,[ 0 38  0 16  0  0 50 71],8,259,Statistics,520873614,1761498901,16,38,12871
1761498902523907414,[ 0 38  0 16  0  0 50 72],8,259,Statistics,523391422,1761498902,16,38,12872
1761498903529093653,[ 0 38  0 16  0  0 50 73],8,259,Statistics,528875629,1761498903,16,38,12873
1761498904531903214,[ 0 38  0 16  0  0 50 74],8,259,Statistics,531638385,1761498904,16,38,12874
1761498905543385283,[ 0 38  0 16  0  0 50 75],8,259,Statistics,543106336,1761498905,16,38,12875
1761498906546392760,[ 0 38  0 16  0  0 50 76],8,259,Statistics,545934882,1761498906,16,38,12876
1761498907549093805,[ 0 38  0 16  0  0 50 77],8,259,Statistics,548800677,1761498907,16,38,12877
1761498908551658140,[ 0 38  0 16  0  0 50 78],8,259,Statistics,551138284,1761498908,16,38,12878
1761498909557775574,[ 0 38  0 16  0  0 50 79],8,259,Statistics,557195020,1761498909,16,38,12879
1761498910559846004,[ 0 38  0 16  0  0 50 80],8,259,Statistics,559675207,1761498910,16,38,12880
1761498911563137665,[ 0 38  0 16  0  0 50 81],8,259,Statistics,562605872,1761498911,16,38,12881
1761498912567320660,[ 0 38  0 16  0  0 50 82],8,259,Statistics,566864807,1761498912,16,38,12882
1761498913568259244,[ 0 38  0 16  0  0 50 83],8,259,Statistics,567999736,1761498913,16,38,12883
1761498914570868829,[ 0 38  0 16  0  0 50 84],8,259,Statistics,570515937,1761498914,16,38,12884
1761498915573598099,[ 0 38  0 16  0  0 50 85],8,259,Statistics,573266721,1761498915,16,38,12885
1761498916577294782,[ 0 38  0 16  0  0 50 86],8,259,Statistics,577042800,1761498916,16,38,12886
1761498917580250965,[ 0 38  0 16  0  0 50 87],8,259,Statistics,579954996,1761498917,16,38,12887
1761498918590091976,[ 0 38  0 16  0  0 50 88],8,259,Statistics,589830199,1761498918,16,38,12888
1761498919592045638,[ 0 38  0 16  0  0 50 89],8,259,Statistics,591621169,1761498919,16,38,12889
1761498920596340868,[ 0 38  0 16  0  0 50 90],8,259,Statistics,596013625,1761498920,16,38,12890
1761498921597972196,[ 0 38  0 16  0  0 50 91],8,259,Statistics,597436642,1761498921,16,38,12891
1761498922599987249,[ 0 38  0 16  0  0 50 92],8,259,Statistics,599665130,1761498922,16,38,12892
1761498923603850111,[ 0 38  0 16  0  0 50 93],8,259,Statistics,603440373,1761498923,16,38,12893
1761498924615716594,[ 0 38  0 16  0  0 50 94],8,259,Statistics,615245839,1761498924,16,38,12894
1761498925610327981,[ 0 38  0 16  0  0 50 95],8,259,Statistics,609845447,1761498925,16,38,12895
1761498926616266837,[ 0 38  0 16  0  0 50 96],8,259,Statistics,616035094,1761498926,16,38,12896
1761498927619991743,[ 0 38  0 16  0  0 50 97],8,259,Statistics,619797104,1761498927,16,38,12897
1761498928624153022,[ 0 38  0 16  0  0 50 98],8,259,Statistics,623986907,1761498928,16,38,12898
1761498929627084521,[ 0 38  0 16  0  0 50 99],8,259,Statistics,626811452,1761498929,16,38,12899
1761498930629448198,[  0  38   0  16   0   0  50 100],8,259,Statistics,629111681,1761498930,16,38,12900
1761498931632793780,[  0  38   0  16   0   0  50 101],8,259,Statistics,632528363,1761498931,16,38,12901
1761498932635980350,[  0  38   0  16   0   0  50 102],8,259,Statistics,635764042,1761498932,16,38,12902
1761498933642785051,[  0  38   0  16   0   0  50 102],8,259,Statistics,642544317,1761498933,16,38,12902
1761498934652410167,[  0  38   0  16   0   0  50 102],8,259,Statistics,652172987,1761498934,16,38,12902
1761498935648491037,[  0  38   0  16   0   0  50 102],8,259,Statistics,648234971,1761498935,16,38,12902
1761498936650606474,[  0  38   0  16   0   0  50 102],8,259,Statistics,650311609,1761498936,16,38,12902
1761498937663679383,[  0  38   0  16   0   0  50 102],8,259,Statistics,663449632,1761498937,16,38,12902
1761498938667546272,[  0  38   0  16   0   0  50 102],8,259,Statistics,667135750,1761498938,16,38,12902
1761498939664793960,[  0  38   0  16   0   0  50 102],8,259,Statistics,664569300,1761498939,16,38,12902
1761498940668859312,[  0  38   0  16   0   0  50 102],8,259,Statistics,668659206,1761498940,16,38,12902
1761498941673746517,[  0  38   0  16   0   0  50 102],8,259,Statistics,673465198,1761498941,16,38,12902
1761498942677803368,[  0  38   0  16   0   0  50 102],8,259,Statistics,677508860,1761498942,16,38,12902
1761498943683185299,[  0  38   0  16   0   0  50 102],8,259,Statistics,682935672,1761498943,16,38,12902
1761498944687605923,[  0  38   0  16   0   0  50 102],8,259,Statistics,687276748,1761498944,16,38,12902
1761498945692376084,[  0  38   0  16   0   0  50 102],8,259,Statistics,692208408,1761498945,16,38,12902
1761498946696534870,[  0  38   0  16   0   0  50 102],8,259,Statistics,696270808,1761498946,16,38,12902
1761498947691995331,[  0  38   0  16   0   0  50 102],8,259,Statistics,691754189,1761498947,16,38,12902
1761498948695271436,[  0  38   0  16   0   0  50 102],8,259,Statistics,694868894,1761498948,16,38,12902
1761498949698988664,[  0  38   0  16   0   0  50 102],8,259,Statistics,698642335,1761498949,16,38,12902
1761498950705232877,[  0  38   0  16   0   0  50 102],8,259,Statistics,704938695,1761498950,16,38,12902
1761498951709834955,[  0  38   0  16   0   0  50 102],8,259,Statistics,709522015,1761498951,16,38,12902
1761498952714333150,[  0  38   0  16   0   0  50 102],8,259,Statistics,713989416,1761498952,16,38,12902
1761498953722900809,[  0  38   0  16   0   0  50 102],8,259,Statistics,722696131,1761498953,16,38,12902
1761498954717165683,[  0  38   0  16   0   0  50 102],8,259,Statistics,716900057,1761498954,16,38,12902
1761498955720826067,[  0  38   0  16   0   0  50 102],8,259,Statistics,720283037,1761498955,16,38,12902
1761498956723965322,[  0  38   0  16   0   0  50 102],8,259,Statistics,723789647,1761498956,16,38,12902
1761498957736895572,[  0  38   0  16   0   0  50 102],8,259,Statistics,736686639,1761498957,16,38,12902
1761498958740574824,[  0  38   0  16   0   0  50 102],8,259,Statistics,740313330,1761498958,16,38,12902
1761498959742949032,[  0  38   0  16   0   0  50 102],8,259,Statistics,742712635,1761498959,16,38,12902
1761498960746537250,[  0  38   0  16   0   0  50 102],8,259,Statistics,746255814,1761498960,16,38,12902
1761498961750529784,[  0  38   0  16   0   0  50 102],8,259,Statistics,750214642,1761498961,16,38,12902
1761498962755561028,[  0  38   0  16   0   0  50 102],8,259,Statistics,755244702,1761498962,16,38,12902
1761498963749917299,[  0  38   0  16   0   0  50 102],8,259,Statistics,749392812,1761498963,16,38,12902
1761498964754427594,[  0  38   0  16   0   0  50 102],8,259,Statistics,753950771,1761498964,16,38,12902
1761498965760472701,[  0  38   0  16   0   0  50 102],8,259,Statistics,760073887,1761498965,16,38,12902
1761498966762807398,[  0  38   0  16   0   0  50 102],8,259,Statistics,762633072,1761498966,16,38,12902
1761498967768822954,[  0  38   0  16   0   0  50 102],8,259,Statistics,768611272,1761498967,16,38,12902
1761498968772595097,[  0  38   0  16   0   0  50 102],8,259,Statistics,772062837,1761498968,16,38,12902
1761498969778097374,[  0  38   0  16   0   0  50 102],8,259,Statistics,777582304,1761498969,16,38,12902
1761498970781403880,[  0  38   0  16   0   0  50 102],8,259,Statistics,781079332,1761498970,16,38,12902
1761498971785070225,[  0  38   0  16   0   0  50 102],8,259,Statistics,784771318,1761498971,16,38,12902
1761498972788986831,[  0  38   0  16   0   0  50 102],8,259,Statistics,788754985,1761498972,16,38,12902
1761498973793194588,[  0  38   0  16   0   0  50 102],8,259,Statistics,791120622,1761498973,16,38,12902
1761498974794895043,[  0  38   0  16   0   0  50 102],8,259,Statistics,794601708,1761498974,16,38,12902
1761498975799705889,[  0  38   0  16   0   0  50 102],8,259,Statistics,799385922,1761498975,16,38,12902
1761498976797738742,[  0  38   0  16   0   0  50 102],8,259,Statistics,797439230,1761498976,16,38,12902
1761498977801441805,[  0  38   0  16   0   0  50 102],8,259,Statistics,801232624,1761498977,16,38,12902
1761498978808780902,[  0  38   0  16   0   0  50 102],8,259,Statistics,808488849,1761498978,16,38,12902
1761498979809631186,[  0  38   0  16   0   0  50 102],8,259,Statistics,809384491,1761498979,16,38,12902
1761498980817000021,[  0  38   0  16   0   0  50 102],8,259,Statistics,816513386,1761498980,16,38,12902
1761498981821847946,[  0  38   0  16   0   0  50 102],8,259,Statistics,821551830,1761498981,16,38,12902
1761498982824805479,[  0  38   0  16   0   0  50 102],8,259,Statistics,824558113,1761498982,16,38,12902
1761498983829699282,[  0  38   0  16   0   0  50 102],8,259,Statistics,829464047,1761498983,16,38,12902
1761498984835386855,[  0  38   0  16   0   0  50 102],8,259,Statistics,835137729,1761498984,16,38,12902
1761498985839087026,[  0  38   0  16   0   0  50 102],8,259,Statistics,838759927,1761498985,16,38,12902
1761498986833388526,[  0  38   0  16   0   0  50 102],8,259,Statistics,833193880,1761498986,16,38,12902
1761498987837874165,[  0  38   0  16   0   0  50 102],8,259,Statistics,837523093,1761498987,16,38,12902
1761498988842208320,[  0  38   0  16   0   0  50 102],8,259,Statistics,840536344,1761498988,16,38,12902
1761498989846087625,[  0  38   0  16   0   0  50 102],8,259,Statistics,845571997,1761498989,16,38,12902
1761498990852961314,[  0  38   0  16   0   0  50 102],8,259,Statistics,852754922,1761498990,16,38,12902
1761498991859999475,[  0  38   0  16   0   0  50 102],8,259,Statistics,859692801,1761498991,16,38,12902
1761498992857051131,[  0  38   0  16   0   0  50 102],8,259,Statistics,856857704,1761498992,16,38,12902
1761498993860831261,[  0  38   0  16   0   0  50 102],8,259,Statistics,860609090,1761498993,16,38,12902
1761498994868081485,[  0  38   0  16   0   0  50 102],8,259,Statistics,867726672,1761498994,16,38,12902
1761498995874927986,[  0  38   0  16   0   0  50 102],8,259,Statistics,874364767,1761498995,16,38,12902
1761498996868035701,[  0  38   0  16   0   0  50 102],8,259,Statistics,867850117,1761498996,16,38,12902
1761498997874826031,[  0  38   0  16   0   0  50 102],8,259,Statistics,874503228,1761498997,16,38,12902
