timestamp,can_msg.data,can_msg.dlc,can_msg.id,header.frame_id,header.stamp.nanosec,header.stamp.sec,last_off_egt,last_off_pump_power,last_off_rpm,last_off_state,last_off_state_str,last_runtime
1763324730567974109,[  0  62  14 242   2   3  45  15],8,260,Last Run Info,567167831,1763324730,515,22.5,3826,15,IGNITORS PREHEAT,62
1763324731575350303,[  0  62  14 242   2   3  45  15],8,260,Last Run Info,574482904,1763324731,515,22.5,3826,15,IGNITORS PREHEAT,62
1763324732584314616,[  0  62  14 242   2   3  45  15],8,260,Last Run Info,583686803,1763324732,515,22.5,3826,15,IGNITORS PREHEAT,62
1763324733579481525,[  0  62  14 242   2   3  45  15],8,260,Last Run Info,579211411,1763324733,515,22.5,3826,15,IGNITORS PREHEAT,62
1763324734582097142,[  0  62  14 242   2   3  45  15],8,260,Last Run Info,581325456,1763324734,515,22.5,3826,15,IGNITORS PREHEAT,62
1763324735584323423,[  0  62  14 242   2   3  45  15],8,260,Last Run Info,584115293,1763324735,515,22.5,3826,15,IGNITORS PREHEAT,62
1763324736589108295,[  0  62  14 242   2   3  45  15],8,260,Last Run Info,588632803,1763324736,515,22.5,3826,15,IGNITORS PREHEAT,62
1763324737593194100,[  0  62  14 242   2   3  45  15],8,260,Last Run Info,592654448,1763324737,515,22.5,3826,15,IGNITORS PREHEAT,62
1763324738598685496,[  0  62  14 242   2   3  45  15],8,260,Last Run Info,596273926,1763324738,515,22.5,3826,15,IGNITORS PREHEAT,62
1763324739600792974,[  0  62  14 242   2   3  45  15],8,260,Last Run Info,600128105,1763324739,515,22.5,3826,15,IGNITORS PREHEAT,62
1763324740607207215,[  0  62  14 242   2   3  45  15],8,260,Last Run Info,606219752,1763324740,515,22.5,3826,15,IGNITORS PREHEAT,62
1763324741604746041,[  0  62  14 242   2   3  45  15],8,260,Last Run Info,604399126,1763324741,515,22.5,3826,15,IGNITORS PREHEAT,62
1763324742612049112,[  0  62  14 242   2   3  45  15],8,260,Last Run Info,611365139,1763324742,515,22.5,3826,15,IGNITORS PREHEAT,62
1763324743610426078,[  0  62  14 242   2   3  45  15],8,260,Last Run Info,609478231,1763324743,515,22.5,3826,15,IGNITORS PREHEAT,62
1763324744615590147,[  0  62  14 242   2   3  45  15],8,260,Last Run Info,615375457,1763324744,515,22.5,3826,15,IGNITORS PREHEAT,62
1763324745619000838,[  0  62  14 242   2   3  45  15],8,260,Last Run Info,617967646,1763324745,515,22.5,3826,15,IGNITORS PREHEAT,62
1763324746628177824,[  0  62  14 242   2   3  45  15],8,260,Last Run Info,624916071,1763324746,515,22.5,3826,15,IGNITORS PREHEAT,62
1763324747622234322,[  0  62  14 242   2   3  45  15],8,260,Last Run Info,621896687,1763324747,515,22.5,3826,15,IGNITORS PREHEAT,62
1763324748626346684,[  0  62  14 242   2   3  45  15],8,260,Last Run Info,625798328,1763324748,515,22.5,3826,15,IGNITORS PREHEAT,62
1763324749633345127,[  0  62  14 242   2   3  45  15],8,260,Last Run Info,632949380,1763324749,515,22.5,3826,15,IGNITORS PREHEAT,62
1763324750635546200,[  0  62  14 242   2   3  45  15],8,260,Last Run Info,635057172,1763324750,515,22.5,3826,15,IGNITORS PREHEAT,62
1763324751638118839,[  0  62  14 242   2   3  45  15],8,260,Last Run Info,637891190,1763324751,515,22.5,3826,15,IGNITORS PREHEAT,62
1763324752644040060,[  0  62  14 242   2   3  45  15],8,260,Last Run Info,643304534,1763324752,515,22.5,3826,15,IGNITORS PREHEAT,62
1763324753644606977,[  0  62  14 242   2   3  45  15],8,260,Last Run Info,644124094,1763324753,515,22.5,3826,15,IGNITORS PREHEAT,62
1763324754649566964,[  0  62  14 242   2   3  45  15],8,260,Last Run Info,649222577,1763324754,515,22.5,3826,15,IGNITORS PREHEAT,62
1763324755649951406,[  0  62  14 242   2   3  45  15],8,260,Last Run Info,649422538,1763324755,515,22.5,3826,15,IGNITORS PREHEAT,62
1763324756660732900,[  0  62  14 242   2   3  45  15],8,260,Last Run Info,658884310,1763324756,515,22.5,3826,15,IGNITORS PREHEAT,62
1763324757657501528,[  0  62  14 242   2   3  45  15],8,260,Last Run Info,657001685,1763324757,515,22.5,3826,15,IGNITORS PREHEAT,62
1763324758667312125,[  0  62  14 242   2   3  45  15],8,260,Last Run Info,666190164,1763324758,515,22.5,3826,15,IGNITORS PREHEAT,62
1763324759663789252,[  0  62  14 242   2   3  45  15],8,260,Last Run Info,663115519,1763324759,515,22.5,3826,15,IGNITORS PREHEAT,62
1763324760672099411,[  0  62  14 242   2   3  45  15],8,260,Last Run Info,671776336,1763324760,515,22.5,3826,15,IGNITORS PREHEAT,62
1763324761671340998,[  0  62  14 242   2   3  45  15],8,260,Last Run Info,670902306,1763324761,515,22.5,3826,15,IGNITORS PREHEAT,62
1763324762672748372,[  0  62  14 242   2   3  45  15],8,260,Last Run Info,672218544,1763324762,515,22.5,3826,15,IGNITORS PREHEAT,62
1763324763675299062,[  0  62  14 242   2   3  45  15],8,260,Last Run Info,674874739,1763324763,515,22.5,3826,15,IGNITORS PREHEAT,62
1763324764678410951,[  0  62  14 242   2   3  45  15],8,260,Last Run Info,677897667,1763324764,515,22.5,3826,15,IGNITORS PREHEAT,62
1763324765686483882,[  0  62  14 242   2   3  45  15],8,260,Last Run Info,685939846,1763324765,515,22.5,3826,15,IGNITORS PREHEAT,62
1763324766689285679,[  0  62  14 242   2   3  45  15],8,260,Last Run Info,687202782,1763324766,515,22.5,3826,15,IGNITORS PREHEAT,62
1763324767694428016,[  0  62  14 242   2   3  45  15],8,260,Last Run Info,693976205,1763324767,515,22.5,3826,15,IGNITORS PREHEAT,62
1763324768693029865,[  0  62  14 242   2   3  45  15],8,260,Last Run Info,692071137,1763324768,515,22.5,3826,15,IGNITORS PREHEAT,62
1763324769698502978,[  0  62  14 242   2   3  45  15],8,260,Last Run Info,697834909,1763324769,515,22.5,3826,15,IGNITORS PREHEAT,62
1763324770705282769,[  0  62  14 242   2   3  45  15],8,260,Last Run Info,704353898,1763324770,515,22.5,3826,15,IGNITORS PREHEAT,62
1763324771702230908,[  0  62  14 242   2   3  45  15],8,260,Last Run Info,701740153,1763324771,515,22.5,3826,15,IGNITORS PREHEAT,62
1763324772706841647,[  0  62  14 242   2   3  45  15],8,260,Last Run Info,706107657,1763324772,515,22.5,3826,15,IGNITORS PREHEAT,62
1763324773712108018,[  0  62  14 242   2   3  45  15],8,260,Last Run Info,711751055,1763324773,515,22.5,3826,15,IGNITORS PREHEAT,62
1763324774718500616,[  0  62  14 242   2   3  45  15],8,260,Last Run Info,718253350,1763324774,515,22.5,3826,15,IGNITORS PREHEAT,62
1763324775722667255,[  0  62  14 242   2   3  45  15],8,260,Last Run Info,722323156,1763324775,515,22.5,3826,15,IGNITORS PREHEAT,62
1763324776727234099,[  0  62  14 242   2   3  45  15],8,260,Last Run Info,726550094,1763324776,515,22.5,3826,15,IGNITORS PREHEAT,62
1763324777731117205,[  0  62  14 242   2   3  45  15],8,260,Last Run Info,730678866,1763324777,515,22.5,3826,15,IGNITORS PREHEAT,62
1763324778724989042,[  0  62  14 242   2   3  45  15],8,260,Last Run Info,724649551,1763324778,515,22.5,3826,15,IGNITORS PREHEAT,62
1763324779732624390,[  0  62  14 242   2   3  45  15],8,260,Last Run Info,731055642,1763324779,515,22.5,3826,15,IGNITORS PREHEAT,62
1763324780736483975,[  0  62  14 242   2   3  45  15],8,260,Last Run Info,736178213,1763324780,515,22.5,3826,15,IGNITORS PREHEAT,62
1763324781735920975,[  0  62  14 242   2   3  45  15],8,260,Last Run Info,735399435,1763324781,515,22.5,3826,15,IGNITORS PREHEAT,62
1763324782739645796,[  0  62  14 242   2   3  45  15],8,260,Last Run Info,738333946,1763324782,515,22.5,3826,15,IGNITORS PREHEAT,62
1763324783741666710,[  0  62  14 242   2   3  45  15],8,260,Last Run Info,741105777,1763324783,515,22.5,3826,15,IGNITORS PREHEAT,62
1763324784747169934,[  0  62  14 242   2   3  45  15],8,260,Last Run Info,746586633,1763324784,515,22.5,3826,15,IGNITORS PREHEAT,62
1763324785757922266,[  0  62  14 242   2   3  45  15],8,260,Last Run Info,757414070,1763324785,515,22.5,3826,15,IGNITORS PREHEAT,62
1763324786752122604,[  0  62  14 242   2   3  45  15],8,260,Last Run Info,751877034,1763324786,515,22.5,3826,15,IGNITORS PREHEAT,62
1763324787759292464,[  0  62  14 242   2   3  45  15],8,260,Last Run Info,758392681,1763324787,515,22.5,3826,15,IGNITORS PREHEAT,62
1763324788764526607,[  0  62  14 242   2   3  45  15],8,260,Last Run Info,763747433,1763324788,515,22.5,3826,15,IGNITORS PREHEAT,62
1763324789761385589,[  0  62  14 242   2   3  45  15],8,260,Last Run Info,760712719,1763324789,515,22.5,3826,15,IGNITORS PREHEAT,62
1763324790771699186,[  0  62  14 242   2   3  45  15],8,260,Last Run Info,771525520,1763324790,515,22.5,3826,15,IGNITORS PREHEAT,62
1763324791776629421,[  0  62  14 242   2   3  45  15],8,260,Last Run Info,775773382,1763324791,515,22.5,3826,15,IGNITORS PREHEAT,62
1763324792778534042,[  0  62  14 242   2   3  45  15],8,260,Last Run Info,776119303,1763324792,515,22.5,3826,15,IGNITORS PREHEAT,62
1763324793781995774,[  0  62  14 242   2   3  45  15],8,260,Last Run Info,781421369,1763324793,515,22.5,3826,15,IGNITORS PREHEAT,62
1763324794778368115,[  0  62  14 242   2   3  45  15],8,260,Last Run Info,777805294,1763324794,515,22.5,3826,15,IGNITORS PREHEAT,62
1763324795782718578,[  0  62  14 242   2   3  45  15],8,260,Last Run Info,782424016,1763324795,515,22.5,3826,15,IGNITORS PREHEAT,62
1763324796784701864,[  0  62  14 242   2   3  45  15],8,260,Last Run Info,784070435,1763324796,515,22.5,3826,15,IGNITORS PREHEAT,62
1763324797794658474,[  0  62  14 242   2   3  45  15],8,260,Last Run Info,794357639,1763324797,515,22.5,3826,15,IGNITORS PREHEAT,62
1763324798795051783,[  0  62  14 242   2   3  45  15],8,260,Last Run Info,794752485,1763324798,515,22.5,3826,15,IGNITORS PREHEAT,62
1763324799794505447,[  0   0  14 242   2   3  45  15],8,260,Last Run Info,793375966,1763324799,515,22.5,3826,15,IGNITORS PREHEAT,0
1763324800797874705,[  0   1  14 242   2   3  45  15],8,260,Last Run Info,797253580,1763324800,515,22.5,3826,15,IGNITORS PREHEAT,1
1763324801804273854,[  0   2  14 242   2   3  45  15],8,260,Last Run Info,803025972,1763324801,515,22.5,3826,15,IGNITORS PREHEAT,2
1763324802807322841,[  0   3  14 242   2   3  45  15],8,260,Last Run Info,806749333,1763324802,515,22.5,3826,15,IGNITORS PREHEAT,3
1763324803812194254,[  0   4  14 242   2   3  45  15],8,260,Last Run Info,811208454,1763324803,515,22.5,3826,15,IGNITORS PREHEAT,4
1763324804818822331,[  0   5  14 242   2   3  45  15],8,260,Last Run Info,818265526,1763324804,515,22.5,3826,15,IGNITORS PREHEAT,5
1763324805815194333,[  0   6  14 242   2   3  45  15],8,260,Last Run Info,814907419,1763324805,515,22.5,3826,15,IGNITORS PREHEAT,6
1763324806822099552,[  0   7  14 242   2   3  45  15],8,260,Last Run Info,821378778,1763324806,515,22.5,3826,15,IGNITORS PREHEAT,7
1763324807824747146,[  0   8  14 242   2   3  45  15],8,260,Last Run Info,823835586,1763324807,515,22.5,3826,15,IGNITORS PREHEAT,8
1763324808826009170,[  0   9  14 242   2   3  45  15],8,260,Last Run Info,825132395,1763324808,515,22.5,3826,15,IGNITORS PREHEAT,9
1763324809833744378,[  0  10  14 242   2   3  45  15],8,260,Last Run Info,833382583,1763324809,515,22.5,3826,15,IGNITORS PREHEAT,10
1763324810834557234,[  0  11  14 242   2   3  45  15],8,260,Last Run Info,833831020,1763324810,515,22.5,3826,15,IGNITORS PREHEAT,11
1763324811838047338,[  0  12  14 242   2   3  45  15],8,260,Last Run Info,837081506,1763324811,515,22.5,3826,15,IGNITORS PREHEAT,12
1763324812842348595,[  0  13  14 242   2   3  45  15],8,260,Last Run Info,841493196,1763324812,515,22.5,3826,15,IGNITORS PREHEAT,13
1763324813844191185,[  0  14  14 242   2   3  45  15],8,260,Last Run Info,843802158,1763324813,515,22.5,3826,15,IGNITORS PREHEAT,14
1763324814850340413,[  0  15  14 242   2   3  45  15],8,260,Last Run Info,847079394,1763324814,515,22.5,3826,15,IGNITORS PREHEAT,15
1763324815850065021,[  0  16  14 242   2   3  45  15],8,260,Last Run Info,848534321,1763324815,515,22.5,3826,15,IGNITORS PREHEAT,16
1763324816858388047,[  0  17  14 242   2   3  45  15],8,260,Last Run Info,858038732,1763324816,515,22.5,3826,15,IGNITORS PREHEAT,17
1763324817855293515,[  0  18  14 242   2   3  45  15],8,260,Last Run Info,854412835,1763324817,515,22.5,3826,15,IGNITORS PREHEAT,18
1763324818861501694,[  0  19  14 242   2   3  45  15],8,260,Last Run Info,861051898,1763324818,515,22.5,3826,15,IGNITORS PREHEAT,19
1763324819868890565,[  0  20  14 242   2   3  45  15],8,260,Last Run Info,868507554,1763324819,515,22.5,3826,15,IGNITORS PREHEAT,20
1763324820873306237,[  0  21  14 242   2   3  45  15],8,260,Last Run Info,872959322,1763324820,515,22.5,3826,15,IGNITORS PREHEAT,21
1763324821867797451,[  0  22  14 242   2   3  45  15],8,260,Last Run Info,867606825,1763324821,515,22.5,3826,15,IGNITORS PREHEAT,22
1763324822876856317,[  0  23  14 242   2   3  45  15],8,260,Last Run Info,876011382,1763324822,515,22.5,3826,15,IGNITORS PREHEAT,23
1763324823878208504,[  0  24  14 242   2   3  45  15],8,260,Last Run Info,875863812,1763324823,515,22.5,3826,15,IGNITORS PREHEAT,24
1763324824880992617,[  0  25  14 242   2   3  45  15],8,260,Last Run Info,880777479,1763324824,515,22.5,3826,15,IGNITORS PREHEAT,25
1763324825882579577,[  0  26  14 242   2   3  45  15],8,260,Last Run Info,882178901,1763324825,515,22.5,3826,15,IGNITORS PREHEAT,26
1763324826885364124,[  0  27  14 242   2   3  45  15],8,260,Last Run Info,883008680,1763324826,515,22.5,3826,15,IGNITORS PREHEAT,27
1763324827889617398,[  0  28  14 242   2   3  45  15],8,260,Last Run Info,889270483,1763324827,515,22.5,3826,15,IGNITORS PREHEAT,28
1763324828891096449,[  0  29  14 242   2   3  45  15],8,260,Last Run Info,890548637,1763324828,515,22.5,3826,15,IGNITORS PREHEAT,29
1763324829901260320,[  0  30  14 242   2   3  45  15],8,260,Last Run Info,899418800,1763324829,515,22.5,3826,15,IGNITORS PREHEAT,30
1763324830902426012,[  0  31  14 242   2   3  45  15],8,260,Last Run Info,901968600,1763324830,515,22.5,3826,15,IGNITORS PREHEAT,31
1763324831904420008,[  0  32  14 242   2   3  45  15],8,260,Last Run Info,904057765,1763324831,515,22.5,3826,15,IGNITORS PREHEAT,32
1763324832913165368,[  0  33  14 242   2   3  45  15],8,260,Last Run Info,912301392,1763324832,515,22.5,3826,15,IGNITORS PREHEAT,33
1763324833906118922,[  0  34  14 242   2   3  45  15],8,260,Last Run Info,905580965,1763324833,515,22.5,3826,15,IGNITORS PREHEAT,34
1763324834910880746,[  0  35  14 242   2   3  45  15],8,260,Last Run Info,910602344,1763324834,515,22.5,3826,15,IGNITORS PREHEAT,35
1763324835918596909,[  0  36  14 242   2   3  45  15],8,260,Last Run Info,916881406,1763324835,515,22.5,3826,15,IGNITORS PREHEAT,36
1763324836924395177,[  0  37  14 242   2   3  45  15],8,260,Last Run Info,923476993,1763324836,515,22.5,3826,15,IGNITORS PREHEAT,37
1763324837925389189,[  0  38  14 242   2   3  45  15],8,260,Last Run Info,924544286,1763324837,515,22.5,3826,15,IGNITORS PREHEAT,38
1763324838927089456,[  0  39  14 242   2   3  45  15],8,260,Last Run Info,926878031,1763324838,515,22.5,3826,15,IGNITORS PREHEAT,39
1763324839930438803,[  0  40  14 242   2   3  45  15],8,260,Last Run Info,929951375,1763324839,515,22.5,3826,15,IGNITORS PREHEAT,40
1763324840931287210,[  0  41  14 242   2   3  45  15],8,260,Last Run Info,928613907,1763324840,515,22.5,3826,15,IGNITORS PREHEAT,41
1763324841939712971,[  0  42  14 242   2   3  45  15],8,260,Last Run Info,938966021,1763324841,515,22.5,3826,15,IGNITORS PREHEAT,42
1763324842939732589,[  0  43  14 242   2   3  45  15],8,260,Last Run Info,939308074,1763324842,515,22.5,3826,15,IGNITORS PREHEAT,43
1763324843945433866,[  0  44  14 242   2   3  45  15],8,260,Last Run Info,944844133,1763324843,515,22.5,3826,15,IGNITORS PREHEAT,44
1763324844948796923,[  0  45  14 242   2   3  45  15],8,260,Last Run Info,948368311,1763324844,515,22.5,3826,15,IGNITORS PREHEAT,45
1763324845952566393,[  0  46  14 242   2   3  45  15],8,260,Last Run Info,952307063,1763324845,515,22.5,3826,15,IGNITORS PREHEAT,46
1763324846953825419,[  0  47  14 242   2   3  45  15],8,260,Last Run Info,952782658,1763324846,515,22.5,3826,15,IGNITORS PREHEAT,47
1763324847961185626,[  0  48  14 242   2   3  45  15],8,260,Last Run Info,959429707,1763324847,515,22.5,3826,15,IGNITORS PREHEAT,48
1763324848957960631,[  0  49  14 242   2   3  45  15],8,260,Last Run Info,957668565,1763324848,515,22.5,3826,15,IGNITORS PREHEAT,49
1763324849960335790,[  0  50  14 242   2   3  45  15],8,260,Last Run Info,959396197,1763324849,515,22.5,3826,15,IGNITORS PREHEAT,50
1763324850967612088,[  0  51  14 242   2   3  45  15],8,260,Last Run Info,967415574,1763324850,515,22.5,3826,15,IGNITORS PREHEAT,51
1763324851968764310,[  0  52  14 242   2   3  45  15],8,260,Last Run Info,968438931,1763324851,515,22.5,3826,15,IGNITORS PREHEAT,52
1763324852976191348,[  0  53  14 242   2   3  45  15],8,260,Last Run Info,975783376,1763324852,515,22.5,3826,15,IGNITORS PREHEAT,53
1763324853977530726,[  0  54  14 242   2   3  45  15],8,260,Last Run Info,976655966,1763324853,515,22.5,3826,15,IGNITORS PREHEAT,54
1763324854977479125,[  0  55  14 242   2   3  45  15],8,260,Last Run Info,974818301,1763324854,515,22.5,3826,15,IGNITORS PREHEAT,55
1763324855979079963,[  0  56  14 242   2   3  45  15],8,260,Last Run Info,978174099,1763324855,515,22.5,3826,15,IGNITORS PREHEAT,56
1763324856984604908,[  0  57  14 242   2   3  45  15],8,260,Last Run Info,984197609,1763324856,515,22.5,3826,15,IGNITORS PREHEAT,57
1763324857993164321,[  0  58  14 242   2   3  45  15],8,260,Last Run Info,992175929,1763324857,515,22.5,3826,15,IGNITORS PREHEAT,58
1763324858990405500,[  0  59  14 242   2   3  45  15],8,260,Last Run Info,989895864,1763324858,515,22.5,3826,15,IGNITORS PREHEAT,59
1763324859993370866,[  0  60  14 242   2   3  45  15],8,260,Last Run Info,992795469,1763324859,515,22.5,3826,15,IGNITORS PREHEAT,60
1763324860998331715,[  0  61  14 242   2   3  45  15],8,260,Last Run Info,997578460,1763324860,515,22.5,3826,15,IGNITORS PREHEAT,61
1763324862000217825,[  0  62  14 242   2   3  45  15],8,260,Last Run Info,999565243,1763324861,515,22.5,3826,15,IGNITORS PREHEAT,62
1763324863009029797,[  0  63  14 242   2   3  45  15],8,260,Last Run Info,8131613,1763324863,515,22.5,3826,15,IGNITORS PREHEAT,63
1763324864014818072,[  0  64  14 242   2   3  45  15],8,260,Last Run Info,13732686,1763324864,515,22.5,3826,15,IGNITORS PREHEAT,64
1763324865013296755,[  0  65  14 242   2   3  45  15],8,260,Last Run Info,12799919,1763324865,515,22.5,3826,15,IGNITORS PREHEAT,65
1763324866021557261,[  0  66  14 242   2   3  45  15],8,260,Last Run Info,21328747,1763324866,515,22.5,3826,15,IGNITORS PREHEAT,66
1763324867019759991,[  0  67  14 242   2   3  45  15],8,260,Last Run Info,19515541,1763324867,515,22.5,3826,15,IGNITORS PREHEAT,67
1763324868019865275,[  0  68  14 242   2   3  45  15],8,260,Last Run Info,19603993,1763324868,515,22.5,3826,15,IGNITORS PREHEAT,68
1763324869022235388,[  0  69  14 242   2   3  45  15],8,260,Last Run Info,21446453,1763324869,515,22.5,3826,15,IGNITORS PREHEAT,69
1763324870034576157,[  0  70  14 242   2   3  45  15],8,260,Last Run Info,32672396,1763324870,515,22.5,3826,15,IGNITORS PREHEAT,70
1763324871036830606,[  0  71  14 242   2   3  45  15],8,260,Last Run Info,36625997,1763324871,515,22.5,3826,15,IGNITORS PREHEAT,71
1763324872033234036,[  0  72  14 242   2   3  45  15],8,260,Last Run Info,32698511,1763324872,515,22.5,3826,15,IGNITORS PREHEAT,72
1763324873038114542,[  0  73  14 242   2   3  45  15],8,260,Last Run Info,37791147,1763324873,515,22.5,3826,15,IGNITORS PREHEAT,73
1763324874037593025,[  0  74  14 242   2   3  45  15],8,260,Last Run Info,37359615,1763324874,515,22.5,3826,15,IGNITORS PREHEAT,74
1763324875046335598,[  0  75  14 242   2   3  45  15],8,260,Last Run Info,46149293,1763324875,515,22.5,3826,15,IGNITORS PREHEAT,75
1763324876049338098,[  0  76  14 242   2   3  45  15],8,260,Last Run Info,48210183,1763324876,515,22.5,3826,15,IGNITORS PREHEAT,76
1763324877055802300,[  0  77  14 242   2   3  45  15],8,260,Last Run Info,55054934,1763324877,515,22.5,3826,15,IGNITORS PREHEAT,77
1763324878052583385,[  0  78  14 242   2   3  45  15],8,260,Last Run Info,50348453,1763324878,515,22.5,3826,15,IGNITORS PREHEAT,78
1763324879063160442,[  0  79  14 242   2   3  45  15],8,260,Last Run Info,62810423,1763324879,515,22.5,3826,15,IGNITORS PREHEAT,79
1763324880067688526,[  0  80  14 242   2   3  45  15],8,260,Last Run Info,66077695,1763324880,515,22.5,3826,15,IGNITORS PREHEAT,80
1763324881060167166,[  0  81  14 242   2   3  45  15],8,260,Last Run Info,59708890,1763324881,515,22.5,3826,15,IGNITORS PREHEAT,81
1763324882074308409,[  0  82  14 242   2   3  45  15],8,260,Last Run Info,73024461,1763324882,515,22.5,3826,15,IGNITORS PREHEAT,82
1763324883079433899,[  0  83  14 242   2   3  45  15],8,260,Last Run Info,78017406,1763324883,515,22.5,3826,15,IGNITORS PREHEAT,83
1763324884078775058,[  0  84  14 242   2   3  45  15],8,260,Last Run Info,78626961,1763324884,515,22.5,3826,15,IGNITORS PREHEAT,84
1763324885082563050,[  0  85  14 242   2   3  45  15],8,260,Last Run Info,82101574,1763324885,515,22.5,3826,15,IGNITORS PREHEAT,85
1763324886080650679,[  0  86  14 242   2   3  45  15],8,260,Last Run Info,79538221,1763324886,515,22.5,3826,15,IGNITORS PREHEAT,86
1763324887086091854,[  0  87  14 242   2   3  45  15],8,260,Last Run Info,84243358,1763324887,515,22.5,3826,15,IGNITORS PREHEAT,87
1763324888092405014,[  0  88  14 242   2   3  45  15],8,260,Last Run Info,91109611,1763324888,515,22.5,3826,15,IGNITORS PREHEAT,88
1763324889094413248,[  0  89  14 242   2   3  45  15],8,260,Last Run Info,94084797,1763324889,515,22.5,3826,15,IGNITORS PREHEAT,89
1763324890094494112,[  0  90  14 242   2   3  45  15],8,260,Last Run Info,93879611,1763324890,515,22.5,3826,15,IGNITORS PREHEAT,90
1763324891101138693,[  0  91  14 242   2   3  45  15],8,260,Last Run Info,97867623,1763324891,515,22.5,3826,15,IGNITORS PREHEAT,91
1763324892102894181,[  0  92  14 242   2   3  45  15],8,260,Last Run Info,101803003,1763324892,515,22.5,3826,15,IGNITORS PREHEAT,92
1763324893106374142,[  0  93  14 242   2   3  45  15],8,260,Last Run Info,105050002,1763324893,515,22.5,3826,15,IGNITORS PREHEAT,93
1763324894112205204,[  0  94  14 242   2   3  45  15],8,260,Last Run Info,110188546,1763324894,515,22.5,3826,15,IGNITORS PREHEAT,94
1763324895107948311,[  0  95  14 242   2   3  45  15],8,260,Last Run Info,106992942,1763324895,515,22.5,3826,15,IGNITORS PREHEAT,95
1763324896116132467,[  0  96  14 242   2   3  45  15],8,260,Last Run Info,115634671,1763324896,515,22.5,3826,15,IGNITORS PREHEAT,96
1763324897112506669,[  0  97  14 242   2   3  45  15],8,260,Last Run Info,112048168,1763324897,515,22.5,3826,15,IGNITORS PREHEAT,97
1763324898122788045,[  0  98  14 242   2   3  45  15],8,260,Last Run Info,122589003,1763324898,515,22.5,3826,15,IGNITORS PREHEAT,98
1763324899126633082,[  0  99  14 242   2   3  45  15],8,260,Last Run Info,126286295,1763324899,515,22.5,3826,15,IGNITORS PREHEAT,99
1763324900125883559,[  0 100  14 242   2   3  45  15],8,260,Last Run Info,125134592,1763324900,515,22.5,3826,15,IGNITORS PREHEAT,100
1763324901136080607,[  0 101  14 242   2   3  45  15],8,260,Last Run Info,135605787,1763324901,515,22.5,3826,15,IGNITORS PREHEAT,101
1763324902136321861,[  0 102  14 242   2   3  45  15],8,260,Last Run Info,135384188,1763324902,515,22.5,3826,15,IGNITORS PREHEAT,102
1763324903141002555,[  0 103  14 242   2   3  45  15],8,260,Last Run Info,139648751,1763324903,515,22.5,3826,15,IGNITORS PREHEAT,103
1763324904139632835,[  0 104  14 242   2   3  45  15],8,260,Last Run Info,139345728,1763324904,515,22.5,3826,15,IGNITORS PREHEAT,104
1763324905148268494,[  0 105  14 242   2   3  45  15],8,260,Last Run Info,148029100,1763324905,515,22.5,3826,15,IGNITORS PREHEAT,105
1763324906151760274,[  0 106  14 242   2   3  45  15],8,260,Last Run Info,151509392,1763324906,515,22.5,3826,15,IGNITORS PREHEAT,106
1763324907154693369,[  0 107  14 242   2   3  45  15],8,260,Last Run Info,153986803,1763324907,515,22.5,3826,15,IGNITORS PREHEAT,107
1763324908157772650,[  0 108  14 242   2   3  45  15],8,260,Last Run Info,157331014,1763324908,515,22.5,3826,15,IGNITORS PREHEAT,108
1763324909153936740,[  0 109  14 242   2   3  45  15],8,260,Last Run Info,152881402,1763324909,515,22.5,3826,15,IGNITORS PREHEAT,109
1763324910159923935,[  0 110  14 242   2   3  45  15],8,260,Last Run Info,159037751,1763324910,515,22.5,3826,15,IGNITORS PREHEAT,110
1763324911165011675,[  0 111  14 242   2   3  45  15],8,260,Last Run Info,164703192,1763324911,515,22.5,3826,15,IGNITORS PREHEAT,111
1763324912164617420,[  0 112  14 242   2   3  45  15],8,260,Last Run Info,163987270,1763324912,515,22.5,3826,15,IGNITORS PREHEAT,112
1763324913175387372,[  0 113  14 242   2   3  45  15],8,260,Last Run Info,175104970,1763324913,515,22.5,3826,15,IGNITORS PREHEAT,113
1763324914170017216,[  0 114  14 242   2   3  45  15],8,260,Last Run Info,169465467,1763324914,515,22.5,3826,15,IGNITORS PREHEAT,114
1763324915175751585,[  0 115  14 242   2   3  45  15],8,260,Last Run Info,175372190,1763324915,515,22.5,3826,15,IGNITORS PREHEAT,115
1763324916177255332,[  0 116  14 242   2   3  45  15],8,260,Last Run Info,176710015,1763324916,515,22.5,3826,15,IGNITORS PREHEAT,116
1763324917182901333,[  0 117  14 242   2   3  45  15],8,260,Last Run Info,182422449,1763324917,515,22.5,3826,15,IGNITORS PREHEAT,117
1763324918186928063,[  0 118  14 242   2   3  45  15],8,260,Last Run Info,186141912,1763324918,515,22.5,3826,15,IGNITORS PREHEAT,118
1763324919190101258,[  0 119  14 242   2   3  45  15],8,260,Last Run Info,189204193,1763324919,515,22.5,3826,15,IGNITORS PREHEAT,119
1763324920196942206,[  0 120  14 242   2   3  45  15],8,260,Last Run Info,196346936,1763324920,515,22.5,3826,15,IGNITORS PREHEAT,120
1763324921193400538,[  0 121  14 242   2   3  45  15],8,260,Last Run Info,192530546,1763324921,515,22.5,3826,15,IGNITORS PREHEAT,121
1763324922199841146,[  0 122  14 242   2   3  45  15],8,260,Last Run Info,198819441,1763324922,515,22.5,3826,15,IGNITORS PREHEAT,122
1763324923202089659,[  0 123  14 242   2   3  45  15],8,260,Last Run Info,201806009,1763324923,515,22.5,3826,15,IGNITORS PREHEAT,123
1763324924207145599,[  0 124  14 242   2   3  45  15],8,260,Last Run Info,206383576,1763324924,515,22.5,3826,15,IGNITORS PREHEAT,124
1763324925212665870,[  0 125  14 242   2   3  45  15],8,260,Last Run Info,212406412,1763324925,515,22.5,3826,15,IGNITORS PREHEAT,125
1763324926209532629,[  0 126  14 242   2   3  45  15],8,260,Last Run Info,209277715,1763324926,515,22.5,3826,15,IGNITORS PREHEAT,126
1763324927218183346,[  0 127  14 242   2   3  45  15],8,260,Last Run Info,217872943,1763324927,515,22.5,3826,15,IGNITORS PREHEAT,127
1763324928222638799,[  0 128  14 242   2   3  45  15],8,260,Last Run Info,221889032,1763324928,515,22.5,3826,15,IGNITORS PREHEAT,128
1763324929221915620,[  0 129  14 242   2   3  45  15],8,260,Last Run Info,221726754,1763324929,515,22.5,3826,15,IGNITORS PREHEAT,129
1763324930226559762,[  0 130  14 242   2   3  45  15],8,260,Last Run Info,226031981,1763324930,515,22.5,3826,15,IGNITORS PREHEAT,130
1763324931225388306,[  0 131  14 242   2   3  45  15],8,260,Last Run Info,224713036,1763324931,515,22.5,3826,15,IGNITORS PREHEAT,131
1763324932231629312,[  0 132  14 242   2   3  45  15],8,260,Last Run Info,231342973,1763324932,515,22.5,3826,15,IGNITORS PREHEAT,132
1763324933240290091,[  0 133  14 242   2   3  45  15],8,260,Last Run Info,239848263,1763324933,515,22.5,3826,15,IGNITORS PREHEAT,133
1763324934235482144,[  0 134  14 242   2   3  45  15],8,260,Last Run Info,234608536,1763324934,515,22.5,3826,15,IGNITORS PREHEAT,134
1763324935246980598,[  0 135  14 242   2   3  45  15],8,260,Last Run Info,246581491,1763324935,515,22.5,3826,15,IGNITORS PREHEAT,135
1763324936252369019,[  0 136  14 242   2   3  45  15],8,260,Last Run Info,250597258,1763324936,515,22.5,3826,15,IGNITORS PREHEAT,136
1763324937249411096,[  0 137  14 242   2   3  45  15],8,260,Last Run Info,249149430,1763324937,515,22.5,3826,15,IGNITORS PREHEAT,137
1763324938252530070,[  0 138  14 242   2   3  45  15],8,260,Last Run Info,252225715,1763324938,515,22.5,3826,15,IGNITORS PREHEAT,138
1763324939257169003,[  0 139  14 242   2   3  45  15],8,260,Last Run Info,256914728,1763324939,515,22.5,3826,15,IGNITORS PREHEAT,139
1763324940260785181,[  0 140  14 242   2   3  45  15],8,260,Last Run Info,259839188,1763324940,515,22.5,3826,15,IGNITORS PREHEAT,140
1763324941261576380,[  0 141  14 242   2   3  45  15],8,260,Last Run Info,261036503,1763324941,515,22.5,3826,15,IGNITORS PREHEAT,141
1763324942264000627,[  0 142  14 242   2   3  45  15],8,260,Last Run Info,263620079,1763324942,515,22.5,3826,15,IGNITORS PREHEAT,142
1763324943265727370,[  0 143  14 242   2   3  45  15],8,260,Last Run Info,265066564,1763324943,515,22.5,3826,15,IGNITORS PREHEAT,143
1763324944274927311,[  0 144  14 242   2   3  45  15],8,260,Last Run Info,274432939,1763324944,515,22.5,3826,15,IGNITORS PREHEAT,144
1763324945277407677,[  0 145  14 242   2   3  45  15],8,260,Last Run Info,276662486,1763324945,515,22.5,3826,15,IGNITORS PREHEAT,145
1763324946277727998,[  0 146  14 242   2   3  45  15],8,260,Last Run Info,276926198,1763324946,515,22.5,3826,15,IGNITORS PREHEAT,146
1763324947278834637,[  0 147  14 242   2   3  45  15],8,260,Last Run Info,278221320,1763324947,515,22.5,3826,15,IGNITORS PREHEAT,147
1763324948289809346,[  0 148  14 242   2   3  45  15],8,260,Last Run Info,289227485,1763324948,515,22.5,3826,15,IGNITORS PREHEAT,148
1763324949290069721,[  0 149  14 242   2   3  45  15],8,260,Last Run Info,289559028,1763324949,515,22.5,3826,15,IGNITORS PREHEAT,149
1763324950290998365,[  0 150  14 242   2   3  45  15],8,260,Last Run Info,290592602,1763324950,515,22.5,3826,15,IGNITORS PREHEAT,150
1763324951293981565,[  0 151  14 242   2   3  45  15],8,260,Last Run Info,293530201,1763324951,515,22.5,3826,15,IGNITORS PREHEAT,151
1763324952302660826,[  0 152  14 242   2   3  45  15],8,260,Last Run Info,302040500,1763324952,515,22.5,3826,15,IGNITORS PREHEAT,152
1763324953307107607,[  0 154  14 242   2   3  45  15],8,260,Last Run Info,306348911,1763324953,515,22.5,3826,15,IGNITORS PREHEAT,154
1763324954308197690,[  0 155  14 242   2   3  45  15],8,260,Last Run Info,306914382,1763324954,515,22.5,3826,15,IGNITORS PREHEAT,155
1763324955307991833,[  0 156  14 242   2   3  45  15],8,260,Last Run Info,307592885,1763324955,515,22.5,3826,15,IGNITORS PREHEAT,156
1763324956316956439,[  0 156  14 242   2   3  45  15],8,260,Last Run Info,316222576,1763324956,515,22.5,3826,15,IGNITORS PREHEAT,156
1763324957313785193,[  0 157  14 242   2   3  45  15],8,260,Last Run Info,312648190,1763324957,515,22.5,3826,15,IGNITORS PREHEAT,157
1763324958316270519,[  0 158  14 242   2   3  45  15],8,260,Last Run Info,315656017,1763324958,515,22.5,3826,15,IGNITORS PREHEAT,158
1763324959323284377,[  0 159  14 242   2   3  45  15],8,260,Last Run Info,322741172,1763324959,515,22.5,3826,15,IGNITORS PREHEAT,159
1763324960322727033,[  0 160  14 242   2   3  45  15],8,260,Last Run Info,322169972,1763324960,515,22.5,3826,15,IGNITORS PREHEAT,160
1763324961329853930,[  0 161  14 242   2   3  45  15],8,260,Last Run Info,328966146,1763324961,515,22.5,3826,15,IGNITORS PREHEAT,161
1763324962328685299,[  0 162  14 242   2   3  45  15],8,260,Last Run Info,328070094,1763324962,515,22.5,3826,15,IGNITORS PREHEAT,162
1763324963332137520,[  0 163  14 242   2   3  45  15],8,260,Last Run Info,331185959,1763324963,515,22.5,3826,15,IGNITORS PREHEAT,163
1763324964339769212,[  0 164  14 242   2   3  45  15],8,260,Last Run Info,339406073,1763324964,515,22.5,3826,15,IGNITORS PREHEAT,164
1763324965337081453,[  0 165  14 242   2   3  45  15],8,260,Last Run Info,336809674,1763324965,515,22.5,3826,15,IGNITORS PREHEAT,165
1763324966340675841,[  0 166  14 242   2   3  45  15],8,260,Last Run Info,340185276,1763324966,515,22.5,3826,15,IGNITORS PREHEAT,166
1763324967344850849,[  0 167  14 242   2   3  45  15],8,260,Last Run Info,344197947,1763324967,515,22.5,3826,15,IGNITORS PREHEAT,167
1763324968355288102,[  0 168  14 242   2   3  45  15],8,260,Last Run Info,354560831,1763324968,515,22.5,3826,15,IGNITORS PREHEAT,168
1763324969356421944,[  0 169  14 242   2   3  45  15],8,260,Last Run Info,355238380,1763324969,515,22.5,3826,15,IGNITORS PREHEAT,169
1763324970357832020,[  0 170  14 242   2   3  45  15],8,260,Last Run Info,357438704,1763324970,515,22.5,3826,15,IGNITORS PREHEAT,170
1763324971367085794,[  0 171  14 242   2   3  45  15],8,260,Last Run Info,365660181,1763324971,515,22.5,3826,15,IGNITORS PREHEAT,171
1763324972369101235,[  0 172  14 242   2   3  45  15],8,260,Last Run Info,368105961,1763324972,515,22.5,3826,15,IGNITORS PREHEAT,172
1763324973366286171,[  0 173  14 242   2   3  45  15],8,260,Last Run Info,365057711,1763324973,515,22.5,3826,15,IGNITORS PREHEAT,173
1763324974374132754,[  0 174  14 242   2   3  45  15],8,260,Last Run Info,373286890,1763324974,515,22.5,3826,15,IGNITORS PREHEAT,174
1763324975373586015,[  0 175  14 242   2   3  45  15],8,260,Last Run Info,372945624,1763324975,515,22.5,3826,15,IGNITORS PREHEAT,175
1763324976376524980,[  0 176  14 242   2   3  45  15],8,260,Last Run Info,374884196,1763324976,515,22.5,3826,15,IGNITORS PREHEAT,176
1763324977384122974,[  0 177  14 242   2   3  45  15],8,260,Last Run Info,382693104,1763324977,515,22.5,3826,15,IGNITORS PREHEAT,177
1763324978380952647,[  0 178  14 242   2   3  45  15],8,260,Last Run Info,380271680,1763324978,515,22.5,3826,15,IGNITORS PREHEAT,178
1763324979383290316,[  0 179  14 242   2   3  45  15],8,260,Last Run Info,382917704,1763324979,515,22.5,3826,15,IGNITORS PREHEAT,179
1763324980394506958,[  0 180  14 242   2   3  45  15],8,260,Last Run Info,394025481,1763324980,515,22.5,3826,15,IGNITORS PREHEAT,180
1763324981405374260,[  0 181  14 242   2   3  45  15],8,260,Last Run Info,404688654,1763324981,515,22.5,3826,15,IGNITORS PREHEAT,181
1763324982404604720,[  0 182  14 242   2   3  45  15],8,260,Last Run Info,404229933,1763324982,515,22.5,3826,15,IGNITORS PREHEAT,182
1763324983398825379,[  0 183  14 242   2   3  45  15],8,260,Last Run Info,398378462,1763324983,515,22.5,3826,15,IGNITORS PREHEAT,183
1763324984405671127,[  0 184  14 242   2   3  45  15],8,260,Last Run Info,405223250,1763324984,515,22.5,3826,15,IGNITORS PREHEAT,184
1763324985413829375,[  0 185  14 242   2   3  45  15],8,260,Last Run Info,413593373,1763324985,515,22.5,3826,15,IGNITORS PREHEAT,185
1763324986416363671,[  0 187  14 242   2   3  45  15],8,260,Last Run Info,415462254,1763324986,515,22.5,3826,15,IGNITORS PREHEAT,187
1763324987416030842,[  0 188  14 242   2   3  45  15],8,260,Last Run Info,415035633,1763324987,515,22.5,3826,15,IGNITORS PREHEAT,188
1763324988421971074,[  0 189  14 242   2   3  45  15],8,260,Last Run Info,421549598,1763324988,515,22.5,3826,15,IGNITORS PREHEAT,189
1763324989423786280,[  0 190  14 242   2   3  45  15],8,260,Last Run Info,423383172,1763324989,515,22.5,3826,15,IGNITORS PREHEAT,190
1763324990423092956,[  0 191  14 242   2   3  45  15],8,260,Last Run Info,422038834,1763324990,515,22.5,3826,15,IGNITORS PREHEAT,191
1763324991425389589,[  0 192  14 242   2   3  45  15],8,260,Last Run Info,424606317,1763324991,515,22.5,3826,15,IGNITORS PREHEAT,192
1763324992430405775,[  0 193  14 242   2   3  45  15],8,260,Last Run Info,430080780,1763324992,515,22.5,3826,15,IGNITORS PREHEAT,193
1763324993439841563,[  0 194  14 242   2   3  45  15],8,260,Last Run Info,438958643,1763324993,515,22.5,3826,15,IGNITORS PREHEAT,194
1763324994439327085,[  0 195  14 242   2   3  45  15],8,260,Last Run Info,439072331,1763324994,515,22.5,3826,15,IGNITORS PREHEAT,195
1763324995439999185,[  0 196  14 242   2   3  45  15],8,260,Last Run Info,439133385,1763324995,515,22.5,3826,15,IGNITORS PREHEAT,196
1763324996449021294,[  0 197  14 242   2   3  45  15],8,260,Last Run Info,448753036,1763324996,515,22.5,3826,15,IGNITORS PREHEAT,197
1763324997444529005,[  0 198  14 242   2   3  45  15],8,260,Last Run Info,444134730,1763324997,515,22.5,3826,15,IGNITORS PREHEAT,198
1763324998456621654,[  0 199  14 242   2   3  45  15],8,260,Last Run Info,454105118,1763324998,515,22.5,3826,15,IGNITORS PREHEAT,199
1763324999454152887,[  0 200  14 242   2   3  45  15],8,260,Last Run Info,453638002,1763324999,515,22.5,3826,15,IGNITORS PREHEAT,200
1763325000460314387,[  0 201  14 242   2   3  45  15],8,260,Last Run Info,458949766,1763325000,515,22.5,3826,15,IGNITORS PREHEAT,201
1763325001461093473,[  0 202  14 242   2   3  45  15],8,260,Last Run Info,460454427,1763325001,515,22.5,3826,15,IGNITORS PREHEAT,202
1763325002463188419,[  0 203  14 242   2   3  45  15],8,260,Last Run Info,462519453,1763325002,515,22.5,3826,15,IGNITORS PREHEAT,203
1763325003465525582,[  0 204  14 242   2   3  45  15],8,260,Last Run Info,464850888,1763325003,515,22.5,3826,15,IGNITORS PREHEAT,204
1763325004467394651,[  0 205  14 242   2   3  45  15],8,260,Last Run Info,467054200,1763325004,515,22.5,3826,15,IGNITORS PREHEAT,205
1763325005471980714,[  0 206  14 242   2   3  45  15],8,260,Last Run Info,471593510,1763325005,515,22.5,3826,15,IGNITORS PREHEAT,206
1763325006474482315,[  0 207  14 242   2   3  45  15],8,260,Last Run Info,474115719,1763325006,515,22.5,3826,15,IGNITORS PREHEAT,207
1763325007479155496,[  0 207  14 242   2   3  45  15],8,260,Last Run Info,478206462,1763325007,515,22.5,3826,15,IGNITORS PREHEAT,207
1763325008479761251,[  0 208  14 242   2   3  45  15],8,260,Last Run Info,479442112,1763325008,515,22.5,3826,15,IGNITORS PREHEAT,208
1763325009486116222,[  0 209  14 242   2   3  45  15],8,260,Last Run Info,485806011,1763325009,515,22.5,3826,15,IGNITORS PREHEAT,209
1763325010486302755,[  0 210  14 242   2   3  45  15],8,260,Last Run Info,485830302,1763325010,515,22.5,3826,15,IGNITORS PREHEAT,210
1763325011498152226,[  0 211  14 242   2   3  45  15],8,260,Last Run Info,497704413,1763325011,515,22.5,3826,15,IGNITORS PREHEAT,211
1763325012498285587,[  0 212  14 242   2   3  45  15],8,260,Last Run Info,497533260,1763325012,515,22.5,3826,15,IGNITORS PREHEAT,212
1763325013504936844,[  0 213  14 242   2   3  45  15],8,260,Last Run Info,504559176,1763325013,515,22.5,3826,15,IGNITORS PREHEAT,213
1763325014500881921,[  0 214  14 242   2   3  45  15],8,260,Last Run Info,500082649,1763325014,515,22.5,3826,15,IGNITORS PREHEAT,214
1763325015509334713,[  0 215  14 242   2   3  45  15],8,260,Last Run Info,509005493,1763325015,515,22.5,3826,15,IGNITORS PREHEAT,215
1763325016511374103,[  0 216  14 242   2   3  45  15],8,260,Last Run Info,511175989,1763325016,515,22.5,3826,15,IGNITORS PREHEAT,216
1763325017513700671,[  0 217  14 242   2   3  45  15],8,260,Last Run Info,512442067,1763325017,515,22.5,3826,15,IGNITORS PREHEAT,217
1763325018512256808,[  0 219  14 242   2   3  45  15],8,260,Last Run Info,511810116,1763325018,515,22.5,3826,15,IGNITORS PREHEAT,219
1763325019517750813,[  0 220  14 242   2   3  45  15],8,260,Last Run Info,517306617,1763325019,515,22.5,3826,15,IGNITORS PREHEAT,220
1763325020528414892,[  0 221  14 242   2   3  45  15],8,260,Last Run Info,527406530,1763325020,515,22.5,3826,15,IGNITORS PREHEAT,221
1763325021523980747,[  0 222  14 242   2   3  45  15],8,260,Last Run Info,523667080,1763325021,515,22.5,3826,15,IGNITORS PREHEAT,222
1763325022534276131,[  0 223  14 242   2   3  45  15],8,260,Last Run Info,533997697,1763325022,515,22.5,3826,15,IGNITORS PREHEAT,223
1763325023529824623,[  0 224  14 242   2   3  45  15],8,260,Last Run Info,528754020,1763325023,515,22.5,3826,15,IGNITORS PREHEAT,224
1763325024532224357,[  0 225  14 242   2   3  45  15],8,260,Last Run Info,531700832,1763325024,515,22.5,3826,15,IGNITORS PREHEAT,225
1763325025541819562,[  0 226  14 242   2   3  45  15],8,260,Last Run Info,541137571,1763325025,515,22.5,3826,15,IGNITORS PREHEAT,226
1763325026542681982,[  0 227  14 242   2   3  45  15],8,260,Last Run Info,541853558,1763325026,515,22.5,3826,15,IGNITORS PREHEAT,227
1763325027549526261,[  0 228  14 242   2   3  45  15],8,260,Last Run Info,546934043,1763325027,515,22.5,3826,15,IGNITORS PREHEAT,228
1763325028546167051,[  0 229  14 242   2   3  45  15],8,260,Last Run Info,545310531,1763325028,515,22.5,3826,15,IGNITORS PREHEAT,229
1763325029549207752,[  0 230  14 242   2   3  45  15],8,260,Last Run Info,548996070,1763325029,515,22.5,3826,15,IGNITORS PREHEAT,230
1763325030559562837,[  0 231  14 242   2   3  45  15],8,260,Last Run Info,558693645,1763325030,515,22.5,3826,15,IGNITORS PREHEAT,231
1763325031557590573,[  0 232  14 242   2   3  45  15],8,260,Last Run Info,556942919,1763325031,515,22.5,3826,15,IGNITORS PREHEAT,232
1763325032563051894,[  0 233  14 242   2   3  45  15],8,260,Last Run Info,562324110,1763325032,515,22.5,3826,15,IGNITORS PREHEAT,233
1763325033569606352,[  0 234  14 242   2   3  45  15],8,260,Last Run Info,569375438,1763325033,515,22.5,3826,15,IGNITORS PREHEAT,234
1763325034569326700,[  0 235  14 242   2   3  45  15],8,260,Last Run Info,569097289,1763325034,515,22.5,3826,15,IGNITORS PREHEAT,235
1763325035576651226,[  0 236  14 242   2   3  45  15],8,260,Last Run Info,575512495,1763325035,515,22.5,3826,15,IGNITORS PREHEAT,236
1763325036577425357,[  0 237  14 242   2   3  45  15],8,260,Last Run Info,576918248,1763325036,515,22.5,3826,15,IGNITORS PREHEAT,237
1763325037583205529,[  0 238  14 242   2   3  45  15],8,260,Last Run Info,582600403,1763325037,515,22.5,3826,15,IGNITORS PREHEAT,238
1763325038583428435,[  0 239  14 242   2   3  45  15],8,260,Last Run Info,583209713,1763325038,515,22.5,3826,15,IGNITORS PREHEAT,239
1763325039584216313,[  0 240  14 242   2   3  45  15],8,260,Last Run Info,583573426,1763325039,515,22.5,3826,15,IGNITORS PREHEAT,240
1763325040588888268,[  0 241  14 242   2   3  45  15],8,260,Last Run Info,587776385,1763325040,515,22.5,3826,15,IGNITORS PREHEAT,241
1763325041593112450,[  0 242  14 242   2   3  45  15],8,260,Last Run Info,592525660,1763325041,515,22.5,3826,15,IGNITORS PREHEAT,242
1763325042601462695,[  0 243  14 242   2   3  45  15],8,260,Last Run Info,601042339,1763325042,515,22.5,3826,15,IGNITORS PREHEAT,243
1763325043597266164,[  0 244  14 242   2   3  45  15],8,260,Last Run Info,596383851,1763325043,515,22.5,3826,15,IGNITORS PREHEAT,244
1763325044604010677,[  0 245  14 242   2   3  45  15],8,260,Last Run Info,602340772,1763325044,515,22.5,3826,15,IGNITORS PREHEAT,245
1763325045604505438,[  0 246  14 242   2   3  45  15],8,260,Last Run Info,604258043,1763325045,515,22.5,3826,15,IGNITORS PREHEAT,246
1763325046608575633,[  0 247  14 242   2   3  45  15],8,260,Last Run Info,608245581,1763325046,515,22.5,3826,15,IGNITORS PREHEAT,247
1763325047608441055,[  0 248  14 242   2   3  45  15],8,260,Last Run Info,608171228,1763325047,515,22.5,3826,15,IGNITORS PREHEAT,248
1763325048612965251,[  0 249  14 242   2   3  45  15],8,260,Last Run Info,612748737,1763325048,515,22.5,3826,15,IGNITORS PREHEAT,249
1763325049615584474,[  0 250  14 242   2   3  45  15],8,260,Last Run Info,614768242,1763325049,515,22.5,3826,15,IGNITORS PREHEAT,250
1763325050625475041,[  0 251  14 242   2   3  45  15],8,260,Last Run Info,624710681,1763325050,515,22.5,3826,15,IGNITORS PREHEAT,251
1763325051625922318,[  0 252  14 242   2   3  45  15],8,260,Last Run Info,625453705,1763325051,515,22.5,3826,15,IGNITORS PREHEAT,252
1763325052625815291,[  0 253  14 242   2   3  45  15],8,260,Last Run Info,624633071,1763325052,515,22.5,3826,15,IGNITORS PREHEAT,253
1763325053632685462,[  0 254  14 242   2   3  45  15],8,260,Last Run Info,632137456,1763325053,515,22.5,3826,15,IGNITORS PREHEAT,254
1763325054636917468,[  0 255  14 242   2   3  45  15],8,260,Last Run Info,636724602,1763325054,515,22.5,3826,15,IGNITORS PREHEAT,255
1763325055643086556,[  1   0  14 242   2   3  45  15],8,260,Last Run Info,642522838,1763325055,515,22.5,3826,15,IGNITORS PREHEAT,256
1763325056647434575,[  1   1  14 242   2   3  45  15],8,260,Last Run Info,644999190,1763325056,515,22.5,3826,15,IGNITORS PREHEAT,257
1763325057646669972,[  1   2  14 242   2   3  45  15],8,260,Last Run Info,646452882,1763325057,515,22.5,3826,15,IGNITORS PREHEAT,258
1763325058647358670,[  1   3  14 242   2   3  45  15],8,260,Last Run Info,646836937,1763325058,515,22.5,3826,15,IGNITORS PREHEAT,259
1763325059658672891,[  1   4  14 242   2   3  45  15],8,260,Last Run Info,658202743,1763325059,515,22.5,3826,15,IGNITORS PREHEAT,260
1763325060660324139,[  1   5  14 242   2   3  45  15],8,260,Last Run Info,659346049,1763325060,515,22.5,3826,15,IGNITORS PREHEAT,261
1763325061663923061,[  1   6  14 242   2   3  45  15],8,260,Last Run Info,662561287,1763325061,515,22.5,3826,15,IGNITORS PREHEAT,262
1763325062665303279,[  1   7  14 242   2   3  45  15],8,260,Last Run Info,664326469,1763325062,515,22.5,3826,15,IGNITORS PREHEAT,263
1763325063669328617,[  1   8  14 242   2   3  45  15],8,260,Last Run Info,667640504,1763325063,515,22.5,3826,15,IGNITORS PREHEAT,264
1763325064673667565,[  1   9  14 242   2   3  45  15],8,260,Last Run Info,672694531,1763325064,515,22.5,3826,15,IGNITORS PREHEAT,265
1763325065676957036,[  1  10  14 242   2   3  45  15],8,260,Last Run Info,676540552,1763325065,515,22.5,3826,15,IGNITORS PREHEAT,266
1763325066679755852,[  1  11  14 242   2   3  45  15],8,260,Last Run Info,678988708,1763325066,515,22.5,3826,15,IGNITORS PREHEAT,267
1763325067674716865,[  1  12  14 242   2   3  45  15],8,260,Last Run Info,674240124,1763325067,515,22.5,3826,15,IGNITORS PREHEAT,268
1763325068685592960,[  1  13  14 242   2   3  45  15],8,260,Last Run Info,685343933,1763325068,515,22.5,3826,15,IGNITORS PREHEAT,269
1763325069688178543,[  1  14  14 242   2   3  45  15],8,260,Last Run Info,687687530,1763325069,515,22.5,3826,15,IGNITORS PREHEAT,270
1763325070685459822,[  1  15  14 242   2   3  45  15],8,260,Last Run Info,684876136,1763325070,515,22.5,3826,15,IGNITORS PREHEAT,271
1763325071693447809,[  1  16  14 242   2   3  45  15],8,260,Last Run Info,692841051,1763325071,515,22.5,3826,15,IGNITORS PREHEAT,272
1763325072693751019,[  1  17  14 242   2   3  45  15],8,260,Last Run Info,693238565,1763325072,515,22.5,3826,15,IGNITORS PREHEAT,273
1763325073701686441,[  1  18  14 242   2   3  45  15],8,260,Last Run Info,701002658,1763325073,515,22.5,3826,15,IGNITORS PREHEAT,274
1763325074702250241,[  1  19  14 242   2   3  45  15],8,260,Last Run Info,699188513,1763325074,515,22.5,3826,15,IGNITORS PREHEAT,275
1763325075703703144,[  1  20  14 242   2   3  45  15],8,260,Last Run Info,703406341,1763325075,515,22.5,3826,15,IGNITORS PREHEAT,276
1763325076705352151,[  1  21  14 242   2   3  45  15],8,260,Last Run Info,704350189,1763325076,515,22.5,3826,15,IGNITORS PREHEAT,277
1763325077715126432,[  1  22  14 242   2   3  45  15],8,260,Last Run Info,714837885,1763325077,515,22.5,3826,15,IGNITORS PREHEAT,278
1763325078719062066,[  1  23  14 242   2   3  45  15],8,260,Last Run Info,718373739,1763325078,515,22.5,3826,15,IGNITORS PREHEAT,279
1763325079716906540,[  1  24  14 242   2   3  45  15],8,260,Last Run Info,716364550,1763325079,515,22.5,3826,15,IGNITORS PREHEAT,280
1763325080716665982,[  1  25  14 242   2   3  45  15],8,260,Last Run Info,716304187,1763325080,515,22.5,3826,15,IGNITORS PREHEAT,281
1763325081726180220,[  1  26  14 242   2   3  45  15],8,260,Last Run Info,725340723,1763325081,515,22.5,3826,15,IGNITORS PREHEAT,282
1763325082724194632,[  1  27  14 242   2   3  45  15],8,260,Last Run Info,723811268,1763325082,515,22.5,3826,15,IGNITORS PREHEAT,283
1763325083733026346,[  1  28  14 242   2   3  45  15],8,260,Last Run Info,731092662,1763325083,515,22.5,3826,15,IGNITORS PREHEAT,284
1763325084734628039,[  1  29  14 242   2   3  45  15],8,260,Last Run Info,734026977,1763325084,515,22.5,3826,15,IGNITORS PREHEAT,285
1763325085734502488,[  1  30  14 242   2   3  45  15],8,260,Last Run Info,734213557,1763325085,515,22.5,3826,15,IGNITORS PREHEAT,286
1763325086737065354,[  1  31  14 242   2   3  45  15],8,260,Last Run Info,736559525,1763325086,515,22.5,3826,15,IGNITORS PREHEAT,287
1763325087740982385,[  1  32  14 242   2   3  45  15],8,260,Last Run Info,740588845,1763325087,515,22.5,3826,15,IGNITORS PREHEAT,288
1763325088752079783,[  1  33  14 242   2   3  45  15],8,260,Last Run Info,751113309,1763325088,515,22.5,3826,15,IGNITORS PREHEAT,289
1763325089755790327,[  1  34  14 242   2   3  45  15],8,260,Last Run Info,754916622,1763325089,515,22.5,3826,15,IGNITORS PREHEAT,290
1763325090754129972,[  1  35  14 242   2   3  45  15],8,260,Last Run Info,753771921,1763325090,515,22.5,3826,15,IGNITORS PREHEAT,291
1763325091758791929,[  1  36  14 242   2   3  45  15],8,260,Last Run Info,758467702,1763325091,515,22.5,3826,15,IGNITORS PREHEAT,292
1763325092765354455,[  1  37  14 242   2   3  45  15],8,260,Last Run Info,763856520,1763325092,515,22.5,3826,15,IGNITORS PREHEAT,293
1763325093769931783,[  1  38  14 242   2   3  45  15],8,260,Last Run Info,768599577,1763325093,515,22.5,3826,15,IGNITORS PREHEAT,294
1763325094765503326,[  1  39  14 242   2   3  45  15],8,260,Last Run Info,764516532,1763325094,515,22.5,3826,15,IGNITORS PREHEAT,295
1763325095770678687,[  1  40  14 242   2   3  45  15],8,260,Last Run Info,769904087,1763325095,515,22.5,3826,15,IGNITORS PREHEAT,296
1763325096772572163,[  1  41  14 242   2   3  45  15],8,260,Last Run Info,771925916,1763325096,515,22.5,3826,15,IGNITORS PREHEAT,297
1763325097779871333,[  1  42  14 242   2   3  45  15],8,260,Last Run Info,779493409,1763325097,515,22.5,3826,15,IGNITORS PREHEAT,298
1763325098776890370,[  1  43  14 242   2   3  45  15],8,260,Last Run Info,776249883,1763325098,515,22.5,3826,15,IGNITORS PREHEAT,299
1763325099787521426,[  1  44  14 242   2   3  45  15],8,260,Last Run Info,786964909,1763325099,515,22.5,3826,15,IGNITORS PREHEAT,300
1763325100792706224,[  1  45  14 242   2   3  45  15],8,260,Last Run Info,792301195,1763325100,515,22.5,3826,15,IGNITORS PREHEAT,301
1763325101795375032,[  1  46  14 242   2   3  45  15],8,260,Last Run Info,795109269,1763325101,515,22.5,3826,15,IGNITORS PREHEAT,302
1763325102789449548,[  1  47  14 242   2   3  45  15],8,260,Last Run Info,789104008,1763325102,515,22.5,3826,15,IGNITORS PREHEAT,303
1763325103796529133,[  1  48  14 242   2   3  45  15],8,260,Last Run Info,796145161,1763325103,515,22.5,3826,15,IGNITORS PREHEAT,304
1763325104803223249,[  1  49  14 242   2   3  45  15],8,260,Last Run Info,802774124,1763325104,515,22.5,3826,15,IGNITORS PREHEAT,305
1763325105805761710,[  1  50  14 242   2   3  45  15],8,260,Last Run Info,805206248,1763325105,515,22.5,3826,15,IGNITORS PREHEAT,306
1763325106809455709,[  1  51  14 242   2   3  45  15],8,260,Last Run Info,808990520,1763325106,515,22.5,3826,15,IGNITORS PREHEAT,307
1763325107811530592,[  1  52  14 242   2   3  45  15],8,260,Last Run Info,809997296,1763325107,515,22.5,3826,15,IGNITORS PREHEAT,308
1763325108817223343,[  1  53  14 242   2   3  45  15],8,260,Last Run Info,816809451,1763325108,515,22.5,3826,15,IGNITORS PREHEAT,309
1763325109818738936,[  1  54  14 242   2   3  45  15],8,260,Last Run Info,817589259,1763325109,515,22.5,3826,15,IGNITORS PREHEAT,310
1763325110824676340,[  1  55  14 242   2   3  45  15],8,260,Last Run Info,823770218,1763325110,515,22.5,3826,15,IGNITORS PREHEAT,311
1763325111826375017,[  1  56  14 242   2   3  45  15],8,260,Last Run Info,826142791,1763325111,515,22.5,3826,15,IGNITORS PREHEAT,312
1763325112830135578,[  1  57  14 242   2   3  45  15],8,260,Last Run Info,829775894,1763325112,515,22.5,3826,15,IGNITORS PREHEAT,313
1763325113832699171,[  1  58  14 242   2   3  45  15],8,260,Last Run Info,832136925,1763325113,515,22.5,3826,15,IGNITORS PREHEAT,314
1763325114833884964,[  1  59  14 242   2   3  45  15],8,260,Last Run Info,833315229,1763325114,515,22.5,3826,15,IGNITORS PREHEAT,315
1763325115836651930,[  1  60  14 242   2   3  45  15],8,260,Last Run Info,836354071,1763325115,515,22.5,3826,15,IGNITORS PREHEAT,316
1763325116842065554,[  1  61  14 242   2   3  45  15],8,260,Last Run Info,841504332,1763325116,515,22.5,3826,15,IGNITORS PREHEAT,317
1763325117842364985,[  1  62  14 242   2   3  45  15],8,260,Last Run Info,841619409,1763325117,515,22.5,3826,15,IGNITORS PREHEAT,318
1763325118846418381,[  1  63  14 242   2   3  45  15],8,260,Last Run Info,845906983,1763325118,515,22.5,3826,15,IGNITORS PREHEAT,319
1763325119852564316,[  1  64  14 242   2   3  45  15],8,260,Last Run Info,851309871,1763325119,515,22.5,3826,15,IGNITORS PREHEAT,320
1763325120856049013,[  1  65  14 242   2   3  45  15],8,260,Last Run Info,855680018,1763325120,515,22.5,3826,15,IGNITORS PREHEAT,321
1763325121853601941,[  1  66  14 242   2   3  45  15],8,260,Last Run Info,853133808,1763325121,515,22.5,3826,15,IGNITORS PREHEAT,322
1763325122863000951,[  1  67  14 242   2   3  45  15],8,260,Last Run Info,862214735,1763325122,515,22.5,3826,15,IGNITORS PREHEAT,323
1763325123861873871,[  1  68  14 242   2   3  45  15],8,260,Last Run Info,861273673,1763325123,515,22.5,3826,15,IGNITORS PREHEAT,324
1763325124867902361,[  1  69  14 242   2   3  45  15],8,260,Last Run Info,867692150,1763325124,515,22.5,3826,15,IGNITORS PREHEAT,325
1763325125872079700,[  1  70  14 242   2   3  45  15],8,260,Last Run Info,871235979,1763325125,515,22.5,3826,15,IGNITORS PREHEAT,326
1763325126873086226,[  1  71  14 242   2   3  45  15],8,260,Last Run Info,872853296,1763325126,515,22.5,3826,15,IGNITORS PREHEAT,327
1763325127876792819,[  1  72  14 242   2   3  45  15],8,260,Last Run Info,875801480,1763325127,515,22.5,3826,15,IGNITORS PREHEAT,328
1763325128880330007,[  1  73  14 242   2   3  45  15],8,260,Last Run Info,879554703,1763325128,515,22.5,3826,15,IGNITORS PREHEAT,329
1763325129887189412,[  1  74  14 242   2   3  45  15],8,260,Last Run Info,886535965,1763325129,515,22.5,3826,15,IGNITORS PREHEAT,330
1763325130886603335,[  1  75  14 242   2   3  45  15],8,260,Last Run Info,884776179,1763325130,515,22.5,3826,15,IGNITORS PREHEAT,331
1763325131892183216,[  1  76  14 242   2   3  45  15],8,260,Last Run Info,890430302,1763325131,515,22.5,3826,15,IGNITORS PREHEAT,332
1763325132888678751,[  1  77  14 242   2   3  45  15],8,260,Last Run Info,888402876,1763325132,515,22.5,3826,15,IGNITORS PREHEAT,333
1763325133902264680,[  1  78  14 242   2   3  45  15],8,260,Last Run Info,901283166,1763325133,515,22.5,3826,15,IGNITORS PREHEAT,334
1763325134905356135,[  1  79  14 242   2   3  45  15],8,260,Last Run Info,905014371,1763325134,515,22.5,3826,15,IGNITORS PREHEAT,335
1763325135900762265,[  1  80  14 242   2   3  45  15],8,260,Last Run Info,900120850,1763325135,515,22.5,3826,15,IGNITORS PREHEAT,336
1763325136907399816,[  1  81  14 242   2   3  45  15],8,260,Last Run Info,906635456,1763325136,515,22.5,3826,15,IGNITORS PREHEAT,337
1763325137912643854,[  1  82  14 242   2   3  45  15],8,260,Last Run Info,910751290,1763325137,515,22.5,3826,15,IGNITORS PREHEAT,338
1763325138911776855,[  1  83  14 242   2   3  45  15],8,260,Last Run Info,911167825,1763325138,515,22.5,3826,15,IGNITORS PREHEAT,339
1763325139915521079,[  1  84  14 242   2   3  45  15],8,260,Last Run Info,914682062,1763325139,515,22.5,3826,15,IGNITORS PREHEAT,340
1763325140917230311,[  1  85  14 242   2   3  45  15],8,260,Last Run Info,914984367,1763325140,515,22.5,3826,15,IGNITORS PREHEAT,341
1763325141923021543,[  1  86  14 242   2   3  45  15],8,260,Last Run Info,922744068,1763325141,515,22.5,3826,15,IGNITORS PREHEAT,342
1763325142931985166,[  1  87  14 242   2   3  45  15],8,260,Last Run Info,930966787,1763325142,515,22.5,3826,15,IGNITORS PREHEAT,343
1763325143934424021,[  1  88  14 242   2   3  45  15],8,260,Last Run Info,934053329,1763325143,515,22.5,3826,15,IGNITORS PREHEAT,344
1763325144935605715,[  1  89  14 242   2   3  45  15],8,260,Last Run Info,934724489,1763325144,515,22.5,3826,15,IGNITORS PREHEAT,345
1763325145937620159,[  1  90  14 242   2   3  45  15],8,260,Last Run Info,936460403,1763325145,515,22.5,3826,15,IGNITORS PREHEAT,346
1763325146940047317,[  1  91  14 242   2   3  45  15],8,260,Last Run Info,939832211,1763325146,515,22.5,3826,15,IGNITORS PREHEAT,347
1763325147940349017,[  1  92  14 242   2   3  45  15],8,260,Last Run Info,938612742,1763325147,515,22.5,3826,15,IGNITORS PREHEAT,348
1763325148945354901,[  1  93  14 242   2   3  45  15],8,260,Last Run Info,944910288,1763325148,515,22.5,3826,15,IGNITORS PREHEAT,349
1763325149949948433,[  1  94  14 242   2   3  45  15],8,260,Last Run Info,948842757,1763325149,515,22.5,3826,15,IGNITORS PREHEAT,350
1763325150952328890,[  1  95  14 242   2   3  45  15],8,260,Last Run Info,951062349,1763325150,515,22.5,3826,15,IGNITORS PREHEAT,351
1763325151955388624,[  1  96  14 242   2   3  45  15],8,260,Last Run Info,954682569,1763325151,515,22.5,3826,15,IGNITORS PREHEAT,352
1763325152962618744,[  1  97  14 242   2   3  45  15],8,260,Last Run Info,962242036,1763325152,515,22.5,3826,15,IGNITORS PREHEAT,353
1763325153966289791,[  1  98  14 242   2   3  45  15],8,260,Last Run Info,963630434,1763325153,515,22.5,3826,15,IGNITORS PREHEAT,354
1763325154965774941,[  1  99  14 242   2   3  45  15],8,260,Last Run Info,963707399,1763325154,515,22.5,3826,15,IGNITORS PREHEAT,355
1763325155967908669,[  1 100  14 242   2   3  45  15],8,260,Last Run Info,966237580,1763325155,515,22.5,3826,15,IGNITORS PREHEAT,356
1763325156972280315,[  1 101  14 242   2   3  45  15],8,260,Last Run Info,971865878,1763325156,515,22.5,3826,15,IGNITORS PREHEAT,357
1763325157980975851,[  1 102  14 242   2   3  45  15],8,260,Last Run Info,979531356,1763325157,515,22.5,3826,15,IGNITORS PREHEAT,358
1763325158984867374,[  1 103  14 242   2   3  45  15],8,260,Last Run Info,984419241,1763325158,515,22.5,3826,15,IGNITORS PREHEAT,359
1763325159977814879,[  1 104  14 242   2   3  45  15],8,260,Last Run Info,977424090,1763325159,515,22.5,3826,15,IGNITORS PREHEAT,360
1763325160985573876,[  1 105  14 242   2   3  45  15],8,260,Last Run Info,985168848,1763325160,515,22.5,3826,15,IGNITORS PREHEAT,361
1763325161992099202,[  1 106  14 242   2   3  45  15],8,260,Last Run Info,991441435,1763325161,515,22.5,3826,15,IGNITORS PREHEAT,362
1763325162993205914,[  1 107  14 242   2   3  45  15],8,260,Last Run Info,992589171,1763325162,515,22.5,3826,15,IGNITORS PREHEAT,363
1763325163996596687,[  1 108  14 242   2   3  45  15],8,260,Last Run Info,996047017,1763325163,515,22.5,3826,15,IGNITORS PREHEAT,364
1763325164997286284,[  1 109  14 242   2   3  45  15],8,260,Last Run Info,995488761,1763325164,515,22.5,3826,15,IGNITORS PREHEAT,365
1763325166005870980,[  1 110  14 242   2   3  45  15],8,260,Last Run Info,5515264,1763325166,515,22.5,3826,15,IGNITORS PREHEAT,366
1763325167005764802,[  1 111  14 242   2   3  45  15],8,260,Last Run Info,5499359,1763325167,515,22.5,3826,15,IGNITORS PREHEAT,367
1763325168008557605,[  1 112  14 242   2   3  45  15],8,260,Last Run Info,7696827,1763325168,515,22.5,3826,15,IGNITORS PREHEAT,368
1763325169013133728,[  1 113  14 242   2   3  45  15],8,260,Last Run Info,12687163,1763325169,515,22.5,3826,15,IGNITORS PREHEAT,369
1763325170012084739,[  1 114  14 242   2   3  45  15],8,260,Last Run Info,11451868,1763325170,515,22.5,3826,15,IGNITORS PREHEAT,370
1763325171018807902,[  1 115  14 242   2   3  45  15],8,260,Last Run Info,18045366,1763325171,515,22.5,3826,15,IGNITORS PREHEAT,371
1763325172018745494,[  1 116  14 242   2   3  45  15],8,260,Last Run Info,18450194,1763325172,515,22.5,3826,15,IGNITORS PREHEAT,372
1763325173029154403,[  1 117  14 242   2   3  45  15],8,260,Last Run Info,28915841,1763325173,515,22.5,3826,15,IGNITORS PREHEAT,373
1763325174027834999,[  1 118  14 242   2   3  45  15],8,260,Last Run Info,27623348,1763325174,515,22.5,3826,15,IGNITORS PREHEAT,374
1763325175036090647,[  1 119  14 242   2   3  45  15],8,260,Last Run Info,35674450,1763325175,515,22.5,3826,15,IGNITORS PREHEAT,375
1763325176031594481,[  1 120  14 242   2   3  45  15],8,260,Last Run Info,31132748,1763325176,515,22.5,3826,15,IGNITORS PREHEAT,376
1763325177040132894,[  1 121  14 242   2   3  45  15],8,260,Last Run Info,39578552,1763325177,515,22.5,3826,15,IGNITORS PREHEAT,377
1763325178044621859,[  1 122  14 242   2   3  45  15],8,260,Last Run Info,44270944,1763325178,515,22.5,3826,15,IGNITORS PREHEAT,378
1763325179046568626,[  1 123  14 242   2   3  45  15],8,260,Last Run Info,46302863,1763325179,515,22.5,3826,15,IGNITORS PREHEAT,379
1763325180048213506,[  1 124  14 242   2   3  45  15],8,260,Last Run Info,47675837,1763325180,515,22.5,3826,15,IGNITORS PREHEAT,380
1763325181053324605,[  1 125  14 242   2   3  45  15],8,260,Last Run Info,53110939,1763325181,515,22.5,3826,15,IGNITORS PREHEAT,381
1763325182056399431,[  1 126  14 242   2   3  45  15],8,260,Last Run Info,55546781,1763325182,515,22.5,3826,15,IGNITORS PREHEAT,382
1763325183059949530,[  1 127  14 242   2   3  45  15],8,260,Last Run Info,59731896,1763325183,515,22.5,3826,15,IGNITORS PREHEAT,383
1763325184058793279,[  1 128  14 242   2   3  45  15],8,260,Last Run Info,58522268,1763325184,515,22.5,3826,15,IGNITORS PREHEAT,384
1763325185069640555,[  1 129  14 242   2   3  45  15],8,260,Last Run Info,68839106,1763325185,515,22.5,3826,15,IGNITORS PREHEAT,385
1763325186072502501,[  1 130  14 242   2   3  45  15],8,260,Last Run Info,71652796,1763325186,515,22.5,3826,15,IGNITORS PREHEAT,386
1763325187073582960,[  1 131  14 242   2   3  45  15],8,260,Last Run Info,73032970,1763325187,515,22.5,3826,15,IGNITORS PREHEAT,387
1763325188075598059,[  1 132  14 242   2   3  45  15],8,260,Last Run Info,74770210,1763325188,515,22.5,3826,15,IGNITORS PREHEAT,388
1763325189081539957,[  1 133  14 242   2   3  45  15],8,260,Last Run Info,80846349,1763325189,515,22.5,3826,15,IGNITORS PREHEAT,389
1763325190084244544,[  1 134  14 242   2   3  45  15],8,260,Last Run Info,84037501,1763325190,515,22.5,3826,15,IGNITORS PREHEAT,390
1763325191083774029,[  1 135  14 242   2   3  45  15],8,260,Last Run Info,83573803,1763325191,515,22.5,3826,15,IGNITORS PREHEAT,391
1763325192086038813,[  1 136  14 242   2   3  45  15],8,260,Last Run Info,85526487,1763325192,515,22.5,3826,15,IGNITORS PREHEAT,392
1763325193085889078,[  1 137  14 242   2   3  45  15],8,260,Last Run Info,85684212,1763325193,515,22.5,3826,15,IGNITORS PREHEAT,393
1763325194093456809,[  1 138  14 242   2   3  45  15],8,260,Last Run Info,93236359,1763325194,515,22.5,3826,15,IGNITORS PREHEAT,394
1763325195098398084,[  1 139  14 242   2   3  45  15],8,260,Last Run Info,97675005,1763325195,515,22.5,3826,15,IGNITORS PREHEAT,395
1763325196102308089,[  1 140  14 242   2   3  45  15],8,260,Last Run Info,102060086,1763325196,515,22.5,3826,15,IGNITORS PREHEAT,396
1763325197109890458,[  1 141  14 242   2   3  45  15],8,260,Last Run Info,108660557,1763325197,515,22.5,3826,15,IGNITORS PREHEAT,397
1763325198113329714,[  1 142  14 242   2   3  45  15],8,260,Last Run Info,111843266,1763325198,515,22.5,3826,15,IGNITORS PREHEAT,398
1763325199111181426,[  1 143  14 242   2   3  45  15],8,260,Last Run Info,107134470,1763325199,515,22.5,3826,15,IGNITORS PREHEAT,399
1763325200117407922,[  1 143  18 197   2  34  67  15],8,260,Last Run Info,116710859,1763325200,546,33.5,4805,15,IGNITORS PREHEAT,399
1763325201115668224,[  1 143  18 197   2  34  67  15],8,260,Last Run Info,114980792,1763325201,546,33.5,4805,15,IGNITORS PREHEAT,399
1763325202124678024,[  1 143  18 197   2  34  67  15],8,260,Last Run Info,123806974,1763325202,546,33.5,4805,15,IGNITORS PREHEAT,399
1763325203130674067,[  1 143  18 197   2  34  67  15],8,260,Last Run Info,130323824,1763325203,546,33.5,4805,15,IGNITORS PREHEAT,399
1763325204131909551,[  1 143  18 197   2  34  67  15],8,260,Last Run Info,131605228,1763325204,546,33.5,4805,15,IGNITORS PREHEAT,399
1763325205131908066,[  1 143  18 197   2  34  67  15],8,260,Last Run Info,130407761,1763325205,546,33.5,4805,15,IGNITORS PREHEAT,399
1763325206135380447,[  1 143  18 197   2  34  67  15],8,260,Last Run Info,135125053,1763325206,546,33.5,4805,15,IGNITORS PREHEAT,399
1763325207140349170,[  1 143  18 197   2  34  67  15],8,260,Last Run Info,139303462,1763325207,546,33.5,4805,15,IGNITORS PREHEAT,399
1763325208146219091,[  1 143  18 197   2  34  67  15],8,260,Last Run Info,145809166,1763325208,546,33.5,4805,15,IGNITORS PREHEAT,399
1763325209148895413,[  1 143  18 197   2  34  67  15],8,260,Last Run Info,148250830,1763325209,546,33.5,4805,15,IGNITORS PREHEAT,399
1763325210151584220,[  1 143  18 197   2  34  67  15],8,260,Last Run Info,151153911,1763325210,546,33.5,4805,15,IGNITORS PREHEAT,399
1763325211149382130,[  1 143  18 197   2  34  67  15],8,260,Last Run Info,149101806,1763325211,546,33.5,4805,15,IGNITORS PREHEAT,399
1763325212153737364,[  1 143  18 197   2  34  67  15],8,260,Last Run Info,153106925,1763325212,546,33.5,4805,15,IGNITORS PREHEAT,399
1763325213154054606,[  1 143  18 197   2  34  67  15],8,260,Last Run Info,153505928,1763325213,546,33.5,4805,15,IGNITORS PREHEAT,399
1763325214164095256,[  1 143  18 197   2  34  67  15],8,260,Last Run Info,163812213,1763325214,546,33.5,4805,15,IGNITORS PREHEAT,399
1763325215165445127,[  1 143  18 197   2  34  67  15],8,260,Last Run Info,164993794,1763325215,546,33.5,4805,15,IGNITORS PREHEAT,399
1763325216166329717,[  1 143  18 197   2  34  67  15],8,260,Last Run Info,165593101,1763325216,546,33.5,4805,15,IGNITORS PREHEAT,399
1763325217166865379,[  1 143  18 197   2  34  67  15],8,260,Last Run Info,165622677,1763325217,546,33.5,4805,15,IGNITORS PREHEAT,399
1763325218177407237,[  1 143  18 197   2  34  67  15],8,260,Last Run Info,175714802,1763325218,546,33.5,4805,15,IGNITORS PREHEAT,399
1763325219177454839,[  1 143  18 197   2  34  67  15],8,260,Last Run Info,177031730,1763325219,546,33.5,4805,15,IGNITORS PREHEAT,399
1763325220183490991,[  1 143  18 197   2  34  67  15],8,260,Last Run Info,182154625,1763325220,546,33.5,4805,15,IGNITORS PREHEAT,399
1763325221184662935,[  1 143  18 197   2  34  67  15],8,260,Last Run Info,183651915,1763325221,546,33.5,4805,15,IGNITORS PREHEAT,399
1763325222185358781,[  1 143  18 197   2  34  67  15],8,260,Last Run Info,184605877,1763325222,546,33.5,4805,15,IGNITORS PREHEAT,399
1763325223185655715,[  1 143  18 197   2  34  67  15],8,260,Last Run Info,185318783,1763325223,546,33.5,4805,15,IGNITORS PREHEAT,399
1763325224198962782,[  1 143  18 197   2  34  67  15],8,260,Last Run Info,198158517,1763325224,546,33.5,4805,15,IGNITORS PREHEAT,399
1763325225192430337,[  1 143  18 197   2  34  67  15],8,260,Last Run Info,192175711,1763325225,546,33.5,4805,15,IGNITORS PREHEAT,399
1763325226199631201,[  1 143  18 197   2  34  67  15],8,260,Last Run Info,198806776,1763325226,546,33.5,4805,15,IGNITORS PREHEAT,399
1763325227200504256,[  1 143  18 197   2  34  67  15],8,260,Last Run Info,199773655,1763325227,546,33.5,4805,15,IGNITORS PREHEAT,399
1763325228209121720,[  1 143  18 197   2  34  67  15],8,260,Last Run Info,208223342,1763325228,546,33.5,4805,15,IGNITORS PREHEAT,399
1763325229210450628,[  1 143  18 197   2  34  67  15],8,260,Last Run Info,210184929,1763325229,546,33.5,4805,15,IGNITORS PREHEAT,399
1763325230208781299,[  1 143  18 197   2  34  67  15],8,260,Last Run Info,208440207,1763325230,546,33.5,4805,15,IGNITORS PREHEAT,399
1763325231220827007,[  1 143  18 197   2  34  67  15],8,260,Last Run Info,220223256,1763325231,546,33.5,4805,15,IGNITORS PREHEAT,399
1763325232219352056,[  1 143  18 197   2  34  67  15],8,260,Last Run Info,218947156,1763325232,546,33.5,4805,15,IGNITORS PREHEAT,399
1763325233220799895,[  1 143  18 197   2  34  67  15],8,260,Last Run Info,220460307,1763325233,546,33.5,4805,15,IGNITORS PREHEAT,399
1763325234225836130,[  1 143  18 197   2  34  67  15],8,260,Last Run Info,225206043,1763325234,546,33.5,4805,15,IGNITORS PREHEAT,399
1763325235226514912,[  1 143  18 197   2  34  67  15],8,260,Last Run Info,226292510,1763325235,546,33.5,4805,15,IGNITORS PREHEAT,399
1763325236237842906,[  1 143  18 197   2  34  67  15],8,260,Last Run Info,237126738,1763325236,546,33.5,4805,15,IGNITORS PREHEAT,399
1763325237240460886,[  1 143  18 197   2  34  67  15],8,260,Last Run Info,240197491,1763325237,546,33.5,4805,15,IGNITORS PREHEAT,399
1763325238244801067,[  1 143  18 197   2  34  67  15],8,260,Last Run Info,244191268,1763325238,546,33.5,4805,15,IGNITORS PREHEAT,399
1763325239246060577,[  1 143  18 197   2  34  67  15],8,260,Last Run Info,245361721,1763325239,546,33.5,4805,15,IGNITORS PREHEAT,399
1763325240247031064,[  1 143  18 197   2  34  67  15],8,260,Last Run Info,246599987,1763325240,546,33.5,4805,15,IGNITORS PREHEAT,399
1763325241246789190,[  1 143  18 197   2  34  67  15],8,260,Last Run Info,246076542,1763325241,546,33.5,4805,15,IGNITORS PREHEAT,399
1763325242255503388,[  1 143  18 197   2  34  67  15],8,260,Last Run Info,254844372,1763325242,546,33.5,4805,15,IGNITORS PREHEAT,399
1763325243262102878,[  1 143  18 197   2  34  67  15],8,260,Last Run Info,261822779,1763325243,546,33.5,4805,15,IGNITORS PREHEAT,399
1763325244255452113,[  1 143  18 197   2  34  67  15],8,260,Last Run Info,254963852,1763325244,546,33.5,4805,15,IGNITORS PREHEAT,399
1763325245260164423,[  1 143  18 197   2  34  67  15],8,260,Last Run Info,258979962,1763325245,546,33.5,4805,15,IGNITORS PREHEAT,399
1763325246268296424,[  1 143  18 197   2  34  67  15],8,260,Last Run Info,267408286,1763325246,546,33.5,4805,15,IGNITORS PREHEAT,399
1763325247268388243,[  1 143  18 197   2  34  67  15],8,260,Last Run Info,266800129,1763325247,546,33.5,4805,15,IGNITORS PREHEAT,399
1763325248270919453,[  1 143  18 197   2  34  67  15],8,260,Last Run Info,270035891,1763325248,546,33.5,4805,15,IGNITORS PREHEAT,399
1763325249278939465,[  1 143  18 197   2  34  67  15],8,260,Last Run Info,278267169,1763325249,546,33.5,4805,15,IGNITORS PREHEAT,399
1763325250278699260,[  1 143  18 197   2  34  67  15],8,260,Last Run Info,278326968,1763325250,546,33.5,4805,15,IGNITORS PREHEAT,399
1763325251287572090,[  1 143  18 197   2  34  67  15],8,260,Last Run Info,287098453,1763325251,546,33.5,4805,15,IGNITORS PREHEAT,399
1763325252284100818,[  1 143  18 197   2  34  67  15],8,260,Last Run Info,283780302,1763325252,546,33.5,4805,15,IGNITORS PREHEAT,399
1763325253293716672,[  1 143  18 197   2  34  67  15],8,260,Last Run Info,292608916,1763325253,546,33.5,4805,15,IGNITORS PREHEAT,399
1763325254292869790,[  1 143  18 197   2  34  67  15],8,260,Last Run Info,292583899,1763325254,546,33.5,4805,15,IGNITORS PREHEAT,399
1763325255295404805,[  1 143  18 197   2  34  67  15],8,260,Last Run Info,295164963,1763325255,546,33.5,4805,15,IGNITORS PREHEAT,399
1763325256298027698,[  1 143  18 197   2  34  67  15],8,260,Last Run Info,297110791,1763325256,546,33.5,4805,15,IGNITORS PREHEAT,399
1763325257305604090,[  1 143  18 197   2  34  67  15],8,260,Last Run Info,304210250,1763325257,546,33.5,4805,15,IGNITORS PREHEAT,399
1763325258309670719,[  1 143  18 197   2  34  67  15],8,260,Last Run Info,308719028,1763325258,546,33.5,4805,15,IGNITORS PREHEAT,399
1763325259311653745,[  1 143  18 197   2  34  67  15],8,260,Last Run Info,311197227,1763325259,546,33.5,4805,15,IGNITORS PREHEAT,399
1763325260315385018,[  1 143  18 197   2  34  67  15],8,260,Last Run Info,315172216,1763325260,546,33.5,4805,15,IGNITORS PREHEAT,399
1763325261316662444,[  1 143  18 197   2  34  67  15],8,260,Last Run Info,316329416,1763325261,546,33.5,4805,15,IGNITORS PREHEAT,399
1763325262322259762,[  1 143  18 197   2  34  67  15],8,260,Last Run Info,321965071,1763325262,546,33.5,4805,15,IGNITORS PREHEAT,399
1763325263321434069,[  1 143  18 197   2  34  67  15],8,260,Last Run Info,321210226,1763325263,546,33.5,4805,15,IGNITORS PREHEAT,399
1763325264325001901,[  1 143  18 197   2  34  67  15],8,260,Last Run Info,324733386,1763325264,546,33.5,4805,15,IGNITORS PREHEAT,399
1763325265332970010,[  1 143  18 197   2  34  67  15],8,260,Last Run Info,331902606,1763325265,546,33.5,4805,15,IGNITORS PREHEAT,399
1763325266337737576,[  1 143  18 197   2  34  67  15],8,260,Last Run Info,337367011,1763325266,546,33.5,4805,15,IGNITORS PREHEAT,399
1763325267340707909,[  1 143  18 197   2  34  67  15],8,260,Last Run Info,340293728,1763325267,546,33.5,4805,15,IGNITORS PREHEAT,399
1763325268343453956,[  1 143  18 197   2  34  67  15],8,260,Last Run Info,342783100,1763325268,546,33.5,4805,15,IGNITORS PREHEAT,399
1763325269339174679,[  1 143  18 197   2  34  67  15],8,260,Last Run Info,338844468,1763325269,546,33.5,4805,15,IGNITORS PREHEAT,399
1763325270347733344,[  1 143  18 197   2  34  67  15],8,260,Last Run Info,347400540,1763325270,546,33.5,4805,15,IGNITORS PREHEAT,399
1763325271348215665,[  1 143  18 197   2  34  67  15],8,260,Last Run Info,347146469,1763325271,546,33.5,4805,15,IGNITORS PREHEAT,399
1763325272348766951,[  1 143  18 197   2  34  67  15],8,260,Last Run Info,348432547,1763325272,546,33.5,4805,15,IGNITORS PREHEAT,399
1763325273355063906,[  1 143  18 197   2  34  67  15],8,260,Last Run Info,353422223,1763325273,546,33.5,4805,15,IGNITORS PREHEAT,399
1763325274355467102,[  1 143  18 197   2  34  67  15],8,260,Last Run Info,355288892,1763325274,546,33.5,4805,15,IGNITORS PREHEAT,399
1763325275367419969,[  1 143  18 197   2  34  67  15],8,260,Last Run Info,366989564,1763325275,546,33.5,4805,15,IGNITORS PREHEAT,399
1763325276368998226,[  1 143  18 197   2  34  67  15],8,260,Last Run Info,368258890,1763325276,546,33.5,4805,15,IGNITORS PREHEAT,399
1763325277372210810,[  1 143  18 197   2  34  67  15],8,260,Last Run Info,371133742,1763325277,546,33.5,4805,15,IGNITORS PREHEAT,399
1763325278375063298,[  1 143  18 197   2  34  67  15],8,260,Last Run Info,374876544,1763325278,546,33.5,4805,15,IGNITORS PREHEAT,399
1763325279376789345,[  1 143  18 197   2  34  67  15],8,260,Last Run Info,375178959,1763325279,546,33.5,4805,15,IGNITORS PREHEAT,399
1763325280374813210,[  1 143  18 197   2  34  67  15],8,260,Last Run Info,374447158,1763325280,546,33.5,4805,15,IGNITORS PREHEAT,399
1763325281386646931,[  1 143  18 197   2  34  67  15],8,260,Last Run Info,386060461,1763325281,546,33.5,4805,15,IGNITORS PREHEAT,399
1763325282389965040,[  1 143  18 197   2  34  67  15],8,260,Last Run Info,388441375,1763325282,546,33.5,4805,15,IGNITORS PREHEAT,399
1763325283390930102,[  1 143  18 197   2  34  67  15],8,260,Last Run Info,390126797,1763325283,546,33.5,4805,15,IGNITORS PREHEAT,399
1763325284391901472,[  1 143  18 197   2  34  67  15],8,260,Last Run Info,391333754,1763325284,546,33.5,4805,15,IGNITORS PREHEAT,399
1763325285400333283,[  1 143  18 197   2  34  67  15],8,260,Last Run Info,399741532,1763325285,546,33.5,4805,15,IGNITORS PREHEAT,399
1763325286401518999,[  1 143  18 197   2  34  67  15],8,260,Last Run Info,400837903,1763325286,546,33.5,4805,15,IGNITORS PREHEAT,399
1763325287405956628,[  1 143  18 197   2  34  67  15],8,260,Last Run Info,405060938,1763325287,546,33.5,4805,15,IGNITORS PREHEAT,399
1763325288407082543,[  1 143  18 197   2  34  67  15],8,260,Last Run Info,406372263,1763325288,546,33.5,4805,15,IGNITORS PREHEAT,399
1763325289405396815,[  1 143  18 197   2  34  67  15],8,260,Last Run Info,404798504,1763325289,546,33.5,4805,15,IGNITORS PREHEAT,399
1763325290418647323,[  1 143  18 197   2  34  67  15],8,260,Last Run Info,416171551,1763325290,546,33.5,4805,15,IGNITORS PREHEAT,399
1763325291412992533,[  1 143  18 197   2  34  67  15],8,260,Last Run Info,412591441,1763325291,546,33.5,4805,15,IGNITORS PREHEAT,399
1763325292423566379,[  1 143  18 197   2  34  67  15],8,260,Last Run Info,423095046,1763325292,546,33.5,4805,15,IGNITORS PREHEAT,399
1763325293419242876,[  1 143  18 197   2  34  67  15],8,260,Last Run Info,418833719,1763325293,546,33.5,4805,15,IGNITORS PREHEAT,399
1763325294428182439,[  1 143  18 197   2  34  67  15],8,260,Last Run Info,427692641,1763325294,546,33.5,4805,15,IGNITORS PREHEAT,399
1763325295431355540,[  1 143  18 197   2  34  67  15],8,260,Last Run Info,431072593,1763325295,546,33.5,4805,15,IGNITORS PREHEAT,399
1763325296437092707,[  1 143  18 197   2  34  67  15],8,260,Last Run Info,435254094,1763325296,546,33.5,4805,15,IGNITORS PREHEAT,399
1763325297435857350,[  1 143  18 197   2  34  67  15],8,260,Last Run Info,435311872,1763325297,546,33.5,4805,15,IGNITORS PREHEAT,399
1763325298441633308,[  1 143  18 197   2  34  67  15],8,260,Last Run Info,441325593,1763325298,546,33.5,4805,15,IGNITORS PREHEAT,399
1763325299436780542,[  1 143  18 197   2  34  67  15],8,260,Last Run Info,436592891,1763325299,546,33.5,4805,15,IGNITORS PREHEAT,399
1763325300449586924,[  1 143  18 197   2  34  67  15],8,260,Last Run Info,448634593,1763325300,546,33.5,4805,15,IGNITORS PREHEAT,399
1763325301443509575,[  1 143  18 197   2  34  67  15],8,260,Last Run Info,443190403,1763325301,546,33.5,4805,15,IGNITORS PREHEAT,399
1763325302457923087,[  1 143  18 197   2  34  67  15],8,260,Last Run Info,456120666,1763325302,546,33.5,4805,15,IGNITORS PREHEAT,399
1763325303453743207,[  1 143  18 197   2  34  67  15],8,260,Last Run Info,453333698,1763325303,546,33.5,4805,15,IGNITORS PREHEAT,399
1763325304456931478,[  1 143  18 197   2  34  67  15],8,260,Last Run Info,455814378,1763325304,546,33.5,4805,15,IGNITORS PREHEAT,399
1763325305459218143,[  1 143  18 197   2  34  67  15],8,260,Last Run Info,458418902,1763325305,546,33.5,4805,15,IGNITORS PREHEAT,399
1763325306462723034,[  1 143  18 197   2  34  67  15],8,260,Last Run Info,462429143,1763325306,546,33.5,4805,15,IGNITORS PREHEAT,399
1763325307473609165,[  1 143  18 197   2  34  67  15],8,260,Last Run Info,473287849,1763325307,546,33.5,4805,15,IGNITORS PREHEAT,399
1763325308474194062,[  1 143  18 197   2  34  67  15],8,260,Last Run Info,473983083,1763325308,546,33.5,4805,15,IGNITORS PREHEAT,399
1763325309471277482,[  1 143  18 197   2  34  67  15],8,260,Last Run Info,470238335,1763325309,546,33.5,4805,15,IGNITORS PREHEAT,399
1763325310475838816,[  1 143  18 197   2  34  67  15],8,260,Last Run Info,475593917,1763325310,546,33.5,4805,15,IGNITORS PREHEAT,399
1763325311480022197,[  1 143  18 197   2  34  67  15],8,260,Last Run Info,478616901,1763325311,546,33.5,4805,15,IGNITORS PREHEAT,399
1763325312483855530,[  1 143  18 197   2  34  67  15],8,260,Last Run Info,483115714,1763325312,546,33.5,4805,15,IGNITORS PREHEAT,399
1763325313490860775,[  1 143  18 197   2  34  67  15],8,260,Last Run Info,490544483,1763325313,546,33.5,4805,15,IGNITORS PREHEAT,399
1763325314492953135,[  1 143  18 197   2  34  67  15],8,260,Last Run Info,492135686,1763325314,546,33.5,4805,15,IGNITORS PREHEAT,399
1763325315495926885,[  1 143  18 197   2  34  67  15],8,260,Last Run Info,495588065,1763325315,546,33.5,4805,15,IGNITORS PREHEAT,399
1763325316496735206,[  1 143  18 197   2  34  67  15],8,260,Last Run Info,495569177,1763325316,546,33.5,4805,15,IGNITORS PREHEAT,399
1763325317501298806,[  1 143  18 197   2  34  67  15],8,260,Last Run Info,500195081,1763325317,546,33.5,4805,15,IGNITORS PREHEAT,399
1763325318508403974,[  1 143  18 197   2  34  67  15],8,260,Last Run Info,507889024,1763325318,546,33.5,4805,15,IGNITORS PREHEAT,399
1763325319506744662,[  1 143  18 197   2  34  67  15],8,260,Last Run Info,505864172,1763325319,546,33.5,4805,15,IGNITORS PREHEAT,399
1763325320508226765,[  1 143  18 197   2  34  67  15],8,260,Last Run Info,507115424,1763325320,546,33.5,4805,15,IGNITORS PREHEAT,399
1763325321518614286,[  1 143  18 197   2  34  67  15],8,260,Last Run Info,517729924,1763325321,546,33.5,4805,15,IGNITORS PREHEAT,399
1763325322521269434,[  1 143  18 197   2  34  67  15],8,260,Last Run Info,520872693,1763325322,546,33.5,4805,15,IGNITORS PREHEAT,399
1763325323518916112,[  1 143  18 197   2  34  67  15],8,260,Last Run Info,518637933,1763325323,546,33.5,4805,15,IGNITORS PREHEAT,399
1763325324520625944,[  1 143  18 197   2  34  67  15],8,260,Last Run Info,519749582,1763325324,546,33.5,4805,15,IGNITORS PREHEAT,399
1763325325532188917,[  1 143  18 197   2  34  67  15],8,260,Last Run Info,531272267,1763325325,546,33.5,4805,15,IGNITORS PREHEAT,399
1763325326534428235,[  1 143  18 197   2  34  67  15],8,260,Last Run Info,533893637,1763325326,546,33.5,4805,15,IGNITORS PREHEAT,399
1763325327534917424,[  1 143  18 197   2  34  67  15],8,260,Last Run Info,534231016,1763325327,546,33.5,4805,15,IGNITORS PREHEAT,399
1763325328537439728,[  1 143  18 197   2  34  67  15],8,260,Last Run Info,536752136,1763325328,546,33.5,4805,15,IGNITORS PREHEAT,399
1763325329544960557,[  1 143  18 197   2  34  67  15],8,260,Last Run Info,544323973,1763325329,546,33.5,4805,15,IGNITORS PREHEAT,399
1763325330546524905,[  1 143  18 197   2  34  67  15],8,260,Last Run Info,545966722,1763325330,546,33.5,4805,15,IGNITORS PREHEAT,399
1763325331544622401,[  1 143  18 197   2  34  67  15],8,260,Last Run Info,543801175,1763325331,546,33.5,4805,15,IGNITORS PREHEAT,399
1763325332555899252,[  1 143  18 197   2  34  67  15],8,260,Last Run Info,555519599,1763325332,546,33.5,4805,15,IGNITORS PREHEAT,399
1763325333556597968,[  1 143  18 197   2  34  67  15],8,260,Last Run Info,555679782,1763325333,546,33.5,4805,15,IGNITORS PREHEAT,399
1763325334558583616,[  1 143  18 197   2  34  67  15],8,260,Last Run Info,558137882,1763325334,546,33.5,4805,15,IGNITORS PREHEAT,399
1763325335561019159,[  1 143  18 197   2  34  67  15],8,260,Last Run Info,560720724,1763325335,546,33.5,4805,15,IGNITORS PREHEAT,399
1763325336568910034,[  1 143  18 197   2  34  67  15],8,260,Last Run Info,568248874,1763325336,546,33.5,4805,15,IGNITORS PREHEAT,399
1763325337575613186,[  1 143  18 197   2  34  67  15],8,260,Last Run Info,574200401,1763325337,546,33.5,4805,15,IGNITORS PREHEAT,399
1763325338570048520,[  1 143  18 197   2  34  67  15],8,260,Last Run Info,569567618,1763325338,546,33.5,4805,15,IGNITORS PREHEAT,399
1763325339573806013,[  1 143  18 197   2  34  67  15],8,260,Last Run Info,573503930,1763325339,546,33.5,4805,15,IGNITORS PREHEAT,399
